<?xml version="1.0" encoding="UTF-8"?>
<gpx xmlns:xsi="http://www.w3.org/2001/XMLSchema-instance" xsi:schemaLocation="http://www.topografix.com/GPX/1/1 http://www.topografix.com/GPX/1/1/gpx.xsd" creator="StravaGPX" version="1.1" xmlns="http://www.topografix.com/GPX/1/1">
 <trk>
  <name>Evening Run 1</name>
  <type>running</type>
  <trkseg>
   <trkpt lat="21.0670730" lon="105.7860340">
    <ele>8.5</ele>
   </trkpt>
   <trkpt lat="21.0670590" lon="105.7860090">
    <ele>8.5</ele>
   </trkpt>
   <trkpt lat="21.0670460" lon="105.7859670">
    <ele>8.5</ele>
   </trkpt>
   <trkpt lat="21.0670400" lon="105.7859530">
    <ele>8.5</ele>
   </trkpt>
   <trkpt lat="21.0670180" lon="105.7859180">
    <ele>8.5</ele>
   </trkpt>
   <trkpt lat="21.0670120" lon="105.7859040">
    <ele>8.5</ele>
   </trkpt>
   <trkpt lat="21.0670020" lon="105.7858730">
    <ele>8.4</ele>
   </trkpt>
   <trkpt lat="21.0669850" lon="105.7858390">
    <ele>8.4</ele>
   </trkpt>
   <trkpt lat="21.0669790" lon="105.7858290">
    <ele>8.4</ele>
   </trkpt>
   <trkpt lat="21.0669620" lon="105.7858050">
    <ele>8.4</ele>
   </trkpt>
   <trkpt lat="21.0669400" lon="105.7857820">
    <ele>8.4</ele>
   </trkpt>
   <trkpt lat="21.0669300" lon="105.7857760">
    <ele>8.4</ele>
   </trkpt>
   <trkpt lat="21.0668980" lon="105.7857610">
    <ele>8.4</ele>
   </trkpt>
   <trkpt lat="21.0668740" lon="105.7857650">
    <ele>8.3</ele>
   </trkpt>
   <trkpt lat="21.0668600" lon="105.7857580">
    <ele>8.3</ele>
   </trkpt>
   <trkpt lat="21.0668320" lon="105.7857510">
    <ele>8.3</ele>
   </trkpt>
   <trkpt lat="21.0668050" lon="105.7857440">
    <ele>8.3</ele>
   </trkpt>
   <trkpt lat="21.0667770" lon="105.7857320">
    <ele>8.2</ele>
   </trkpt>
   <trkpt lat="21.0667400" lon="105.7857260">
    <ele>8.2</ele>
   </trkpt>
   <trkpt lat="21.0667280" lon="105.7857240">
    <ele>8.2</ele>
   </trkpt>
   <trkpt lat="21.0666910" lon="105.7857160">
    <ele>8.2</ele>
   </trkpt>
   <trkpt lat="21.0666800" lon="105.7857140">
    <ele>8.2</ele>
   </trkpt>
   <trkpt lat="21.0666450" lon="105.7857080">
    <ele>8.2</ele>
   </trkpt>
   <trkpt lat="21.0666300" lon="105.7857050">
    <ele>8.1</ele>
   </trkpt>
   <trkpt lat="21.0666010" lon="105.7857030">
    <ele>8.1</ele>
   </trkpt>
   <trkpt lat="21.0665700" lon="105.7857040">
    <ele>8.1</ele>
   </trkpt>
   <trkpt lat="21.0665310" lon="105.7856880">
    <ele>8.1</ele>
   </trkpt>
   <trkpt lat="21.0665140" lon="105.7856810">
    <ele>8.1</ele>
   </trkpt>
   <trkpt lat="21.0664810" lon="105.7856790">
    <ele>8.1</ele>
   </trkpt>
   <trkpt lat="21.0664700" lon="105.7856820">
    <ele>8.1</ele>
   </trkpt>
   <trkpt lat="21.0664320" lon="105.7856780">
    <ele>8.1</ele>
   </trkpt>
   <trkpt lat="21.0664180" lon="105.7856800">
    <ele>8.1</ele>
   </trkpt>
   <trkpt lat="21.0663790" lon="105.7856860">
    <ele>8.1</ele>
   </trkpt>
   <trkpt lat="21.0663650" lon="105.7856890">
    <ele>8.1</ele>
   </trkpt>
   <trkpt lat="21.0663260" lon="105.7856950">
    <ele>8.1</ele>
   </trkpt>
   <trkpt lat="21.0663140" lon="105.7856950">
    <ele>8.1</ele>
   </trkpt>
   <trkpt lat="21.0662750" lon="105.7857010">
    <ele>8.0</ele>
   </trkpt>
   <trkpt lat="21.0662600" lon="105.7857040">
    <ele>8.0</ele>
   </trkpt>
   <trkpt lat="21.0662290" lon="105.7857240">
    <ele>8.0</ele>
   </trkpt>
   <trkpt lat="21.0662140" lon="105.7857290">
    <ele>8.0</ele>
   </trkpt>
   <trkpt lat="21.0661780" lon="105.7857410">
    <ele>8.0</ele>
   </trkpt>
   <trkpt lat="21.0661670" lon="105.7857480">
    <ele>8.0</ele>
   </trkpt>
   <trkpt lat="21.0661450" lon="105.7857660">
    <ele>8.0</ele>
   </trkpt>
   <trkpt lat="21.0661160" lon="105.7857930">
    <ele>8.1</ele>
   </trkpt>
   <trkpt lat="21.0661050" lon="105.7858010">
    <ele>8.1</ele>
   </trkpt>
   <trkpt lat="21.0660810" lon="105.7858190">
    <ele>8.1</ele>
   </trkpt>
   <trkpt lat="21.0660450" lon="105.7858390">
    <ele>8.1</ele>
   </trkpt>
   <trkpt lat="21.0660340" lon="105.7858490">
    <ele>8.1</ele>
   </trkpt>
   <trkpt lat="21.0660050" lon="105.7858720">
    <ele>8.1</ele>
   </trkpt>
   <trkpt lat="21.0659970" lon="105.7858790">
    <ele>8.1</ele>
   </trkpt>
   <trkpt lat="21.0659730" lon="105.7858980">
    <ele>8.1</ele>
   </trkpt>
   <trkpt lat="21.0659660" lon="105.7859050">
    <ele>8.1</ele>
   </trkpt>
   <trkpt lat="21.0659390" lon="105.7859480">
    <ele>8.1</ele>
   </trkpt>
   <trkpt lat="21.0659180" lon="105.7859670">
    <ele>8.1</ele>
   </trkpt>
   <trkpt lat="21.0658960" lon="105.7859850">
    <ele>8.1</ele>
   </trkpt>
   <trkpt lat="21.0658680" lon="105.7860070">
    <ele>8.1</ele>
   </trkpt>
   <trkpt lat="21.0658570" lon="105.7860140">
    <ele>8.0</ele>
   </trkpt>
   <trkpt lat="21.0658290" lon="105.7860350">
    <ele>8.0</ele>
   </trkpt>
   <trkpt lat="21.0658220" lon="105.7860450">
    <ele>8.0</ele>
   </trkpt>
   <trkpt lat="21.0657920" lon="105.7860460">
    <ele>8.0</ele>
   </trkpt>
   <trkpt lat="21.0657590" lon="105.7860670">
    <ele>8.0</ele>
   </trkpt>
   <trkpt lat="21.0657460" lon="105.7860720">
    <ele>8.0</ele>
   </trkpt>
   <trkpt lat="21.0657110" lon="105.7860800">
    <ele>8.0</ele>
   </trkpt>
   <trkpt lat="21.0657000" lon="105.7860810">
    <ele>8.0</ele>
   </trkpt>
   <trkpt lat="21.0656690" lon="105.7860860">
    <ele>8.0</ele>
   </trkpt>
   <trkpt lat="21.0656570" lon="105.7860880">
    <ele>8.0</ele>
   </trkpt>
   <trkpt lat="21.0656200" lon="105.7860780">
    <ele>8.0</ele>
   </trkpt>
   <trkpt lat="21.0656070" lon="105.7860740">
    <ele>8.0</ele>
   </trkpt>
   <trkpt lat="21.0655810" lon="105.7860530">
    <ele>8.0</ele>
   </trkpt>
   <trkpt lat="21.0655720" lon="105.7860470">
    <ele>8.0</ele>
   </trkpt>
   <trkpt lat="21.0655410" lon="105.7860270">
    <ele>8.0</ele>
   </trkpt>
   <trkpt lat="21.0655310" lon="105.7860200">
    <ele>8.0</ele>
   </trkpt>
   <trkpt lat="21.0655020" lon="105.7860090">
    <ele>8.0</ele>
   </trkpt>
   <trkpt lat="21.0654830" lon="105.7859890">
    <ele>8.0</ele>
   </trkpt>
   <trkpt lat="21.0654600" lon="105.7859680">
    <ele>8.0</ele>
   </trkpt>
   <trkpt lat="21.0654390" lon="105.7859400">
    <ele>8.0</ele>
   </trkpt>
   <trkpt lat="21.0654330" lon="105.7859320">
    <ele>8.0</ele>
   </trkpt>
   <trkpt lat="21.0654080" lon="105.7859030">
    <ele>8.0</ele>
   </trkpt>
   <trkpt lat="21.0654000" lon="105.7858950">
    <ele>8.0</ele>
   </trkpt>
   <trkpt lat="21.0653830" lon="105.7858680">
    <ele>8.0</ele>
   </trkpt>
   <trkpt lat="21.0653600" lon="105.7858360">
    <ele>8.0</ele>
   </trkpt>
   <trkpt lat="21.0653520" lon="105.7858230">
    <ele>8.0</ele>
   </trkpt>
   <trkpt lat="21.0653330" lon="105.7858030">
    <ele>8.0</ele>
   </trkpt>
   <trkpt lat="21.0653160" lon="105.7857740">
    <ele>8.0</ele>
   </trkpt>
   <trkpt lat="21.0653100" lon="105.7857630">
    <ele>8.0</ele>
   </trkpt>
   <trkpt lat="21.0652890" lon="105.7857300">
    <ele>8.0</ele>
   </trkpt>
   <trkpt lat="21.0652790" lon="105.7857200">
    <ele>8.0</ele>
   </trkpt>
   <trkpt lat="21.0652590" lon="105.7856860">
    <ele>8.0</ele>
   </trkpt>
   <trkpt lat="21.0652530" lon="105.7856750">
    <ele>8.0</ele>
   </trkpt>
   <trkpt lat="21.0652310" lon="105.7856430">
    <ele>8.0</ele>
   </trkpt>
   <trkpt lat="21.0652220" lon="105.7856330">
    <ele>8.0</ele>
   </trkpt>
   <trkpt lat="21.0651930" lon="105.7856020">
    <ele>8.0</ele>
   </trkpt>
   <trkpt lat="21.0651830" lon="105.7855910">
    <ele>8.0</ele>
   </trkpt>
   <trkpt lat="21.0651580" lon="105.7855610">
    <ele>8.0</ele>
   </trkpt>
   <trkpt lat="21.0651490" lon="105.7855530">
    <ele>8.0</ele>
   </trkpt>
   <trkpt lat="21.0651210" lon="105.7855260">
    <ele>8.0</ele>
   </trkpt>
   <trkpt lat="21.0651120" lon="105.7855170">
    <ele>8.0</ele>
   </trkpt>
   <trkpt lat="21.0650840" lon="105.7854930">
    <ele>7.9</ele>
   </trkpt>
   <trkpt lat="21.0650740" lon="105.7854860">
    <ele>7.9</ele>
   </trkpt>
   <trkpt lat="21.0650430" lon="105.7854630">
    <ele>7.9</ele>
   </trkpt>
   <trkpt lat="21.0650310" lon="105.7854590">
    <ele>7.9</ele>
   </trkpt>
   <trkpt lat="21.0650000" lon="105.7854350">
    <ele>7.9</ele>
   </trkpt>
   <trkpt lat="21.0649890" lon="105.7854280">
    <ele>7.9</ele>
   </trkpt>
   <trkpt lat="21.0649560" lon="105.7854100">
    <ele>7.9</ele>
   </trkpt>
   <trkpt lat="21.0649460" lon="105.7854040">
    <ele>7.9</ele>
   </trkpt>
   <trkpt lat="21.0649160" lon="105.7853830">
    <ele>7.9</ele>
   </trkpt>
   <trkpt lat="21.0649050" lon="105.7853730">
    <ele>7.9</ele>
   </trkpt>
   <trkpt lat="21.0648790" lon="105.7853640">
    <ele>7.9</ele>
   </trkpt>
   <trkpt lat="21.0648400" lon="105.7853520">
    <ele>7.9</ele>
   </trkpt>
   <trkpt lat="21.0648250" lon="105.7853470">
    <ele>7.9</ele>
   </trkpt>
   <trkpt lat="21.0647880" lon="105.7853330">
    <ele>7.9</ele>
   </trkpt>
   <trkpt lat="21.0647740" lon="105.7853310">
    <ele>7.9</ele>
   </trkpt>
   <trkpt lat="21.0647460" lon="105.7853200">
    <ele>7.9</ele>
   </trkpt>
   <trkpt lat="21.0647070" lon="105.7853120">
    <ele>7.9</ele>
   </trkpt>
   <trkpt lat="21.0646930" lon="105.7853100">
    <ele>7.9</ele>
   </trkpt>
   <trkpt lat="21.0646580" lon="105.7853020">
    <ele>7.9</ele>
   </trkpt>
   <trkpt lat="21.0646470" lon="105.7853020">
    <ele>7.9</ele>
   </trkpt>
   <trkpt lat="21.0646170" lon="105.7853040">
    <ele>7.9</ele>
   </trkpt>
   <trkpt lat="21.0645890" lon="105.7852930">
    <ele>7.9</ele>
   </trkpt>
   <trkpt lat="21.0645510" lon="105.7852910">
    <ele>7.9</ele>
   </trkpt>
   <trkpt lat="21.0645390" lon="105.7852910">
    <ele>7.9</ele>
   </trkpt>
   <trkpt lat="21.0645120" lon="105.7852950">
    <ele>7.9</ele>
   </trkpt>
   <trkpt lat="21.0644820" lon="105.7853040">
    <ele>7.8</ele>
   </trkpt>
   <trkpt lat="21.0644560" lon="105.7853100">
    <ele>7.8</ele>
   </trkpt>
   <trkpt lat="21.0644230" lon="105.7853110">
    <ele>7.8</ele>
   </trkpt>
   <trkpt lat="21.0644120" lon="105.7853120">
    <ele>7.8</ele>
   </trkpt>
   <trkpt lat="21.0643760" lon="105.7853100">
    <ele>7.8</ele>
   </trkpt>
   <trkpt lat="21.0643630" lon="105.7853090">
    <ele>7.8</ele>
   </trkpt>
   <trkpt lat="21.0643230" lon="105.7853140">
    <ele>7.8</ele>
   </trkpt>
   <trkpt lat="21.0643090" lon="105.7853160">
    <ele>7.8</ele>
   </trkpt>
   <trkpt lat="21.0642700" lon="105.7853220">
    <ele>7.8</ele>
   </trkpt>
   <trkpt lat="21.0642560" lon="105.7853230">
    <ele>7.8</ele>
   </trkpt>
   <trkpt lat="21.0642300" lon="105.7853330">
    <ele>7.8</ele>
   </trkpt>
   <trkpt lat="21.0642010" lon="105.7853400">
    <ele>7.8</ele>
   </trkpt>
   <trkpt lat="21.0641650" lon="105.7853550">
    <ele>7.8</ele>
   </trkpt>
   <trkpt lat="21.0641520" lon="105.7853580">
    <ele>7.8</ele>
   </trkpt>
   <trkpt lat="21.0641250" lon="105.7853690">
    <ele>7.8</ele>
   </trkpt>
   <trkpt lat="21.0640960" lon="105.7853850">
    <ele>7.8</ele>
   </trkpt>
   <trkpt lat="21.0640640" lon="105.7854020">
    <ele>7.8</ele>
   </trkpt>
   <trkpt lat="21.0640540" lon="105.7854080">
    <ele>7.8</ele>
   </trkpt>
   <trkpt lat="21.0640270" lon="105.7854260">
    <ele>7.8</ele>
   </trkpt>
   <trkpt lat="21.0639940" lon="105.7854300">
    <ele>7.8</ele>
   </trkpt>
   <trkpt lat="21.0639870" lon="105.7854400">
    <ele>7.8</ele>
   </trkpt>
   <trkpt lat="21.0639560" lon="105.7854630">
    <ele>7.8</ele>
   </trkpt>
   <trkpt lat="21.0639450" lon="105.7854730">
    <ele>7.7</ele>
   </trkpt>
   <trkpt lat="21.0639030" lon="105.7855040">
    <ele>7.7</ele>
   </trkpt>
   <trkpt lat="21.0638890" lon="105.7855180">
    <ele>7.7</ele>
   </trkpt>
   <trkpt lat="21.0638760" lon="105.7855310">
    <ele>7.7</ele>
   </trkpt>
   <trkpt lat="21.0638500" lon="105.7855550">
    <ele>7.7</ele>
   </trkpt>
   <trkpt lat="21.0638420" lon="105.7855630">
    <ele>7.7</ele>
   </trkpt>
   <trkpt lat="21.0638140" lon="105.7855910">
    <ele>7.7</ele>
   </trkpt>
   <trkpt lat="21.0638030" lon="105.7856020">
    <ele>7.7</ele>
   </trkpt>
   <trkpt lat="21.0637850" lon="105.7856240">
    <ele>7.7</ele>
   </trkpt>
   <trkpt lat="21.0637580" lon="105.7856440">
    <ele>7.7</ele>
   </trkpt>
   <trkpt lat="21.0637460" lon="105.7856490">
    <ele>7.7</ele>
   </trkpt>
   <trkpt lat="21.0637270" lon="105.7856720">
    <ele>7.7</ele>
   </trkpt>
   <trkpt lat="21.0637090" lon="105.7857020">
    <ele>7.7</ele>
   </trkpt>
   <trkpt lat="21.0637030" lon="105.7857130">
    <ele>7.7</ele>
   </trkpt>
   <trkpt lat="21.0636920" lon="105.7857510">
    <ele>7.7</ele>
   </trkpt>
   <trkpt lat="21.0636770" lon="105.7857760">
    <ele>7.7</ele>
   </trkpt>
   <trkpt lat="21.0636640" lon="105.7858020">
    <ele>7.7</ele>
   </trkpt>
   <trkpt lat="21.0636490" lon="105.7858390">
    <ele>7.7</ele>
   </trkpt>
   <trkpt lat="21.0636440" lon="105.7858560">
    <ele>7.7</ele>
   </trkpt>
   <trkpt lat="21.0636350" lon="105.7858960">
    <ele>7.7</ele>
   </trkpt>
   <trkpt lat="21.0636310" lon="105.7859080">
    <ele>7.7</ele>
   </trkpt>
   <trkpt lat="21.0636310" lon="105.7859370">
    <ele>7.7</ele>
   </trkpt>
   <trkpt lat="21.0636250" lon="105.7859490">
    <ele>7.7</ele>
   </trkpt>
   <trkpt lat="21.0636050" lon="105.7859840">
    <ele>7.7</ele>
   </trkpt>
   <trkpt lat="21.0636010" lon="105.7859950">
    <ele>7.7</ele>
   </trkpt>
   <trkpt lat="21.0635920" lon="105.7860310">
    <ele>7.7</ele>
   </trkpt>
   <trkpt lat="21.0635880" lon="105.7860430">
    <ele>7.7</ele>
   </trkpt>
   <trkpt lat="21.0635760" lon="105.7860970">
    <ele>7.7</ele>
   </trkpt>
   <trkpt lat="21.0635720" lon="105.7861280">
    <ele>7.7</ele>
   </trkpt>
   <trkpt lat="21.0635740" lon="105.7861430">
    <ele>7.7</ele>
   </trkpt>
   <trkpt lat="21.0635750" lon="105.7861820">
    <ele>7.8</ele>
   </trkpt>
   <trkpt lat="21.0635750" lon="105.7861960">
    <ele>7.8</ele>
   </trkpt>
   <trkpt lat="21.0635710" lon="105.7862350">
    <ele>7.8</ele>
   </trkpt>
   <trkpt lat="21.0635700" lon="105.7862470">
    <ele>7.8</ele>
   </trkpt>
   <trkpt lat="21.0635650" lon="105.7862850">
    <ele>7.8</ele>
   </trkpt>
   <trkpt lat="21.0635650" lon="105.7863000">
    <ele>7.8</ele>
   </trkpt>
   <trkpt lat="21.0635650" lon="105.7863390">
    <ele>7.8</ele>
   </trkpt>
   <trkpt lat="21.0635660" lon="105.7863550">
    <ele>7.8</ele>
   </trkpt>
   <trkpt lat="21.0635710" lon="105.7863950">
    <ele>7.8</ele>
   </trkpt>
   <trkpt lat="21.0635710" lon="105.7864080">
    <ele>7.8</ele>
   </trkpt>
   <trkpt lat="21.0635720" lon="105.7864430">
    <ele>7.9</ele>
   </trkpt>
   <trkpt lat="21.0635710" lon="105.7864570">
    <ele>7.9</ele>
   </trkpt>
   <trkpt lat="21.0635720" lon="105.7864880">
    <ele>7.9</ele>
   </trkpt>
   <trkpt lat="21.0635690" lon="105.7865180">
    <ele>7.9</ele>
   </trkpt>
   <trkpt lat="21.0635640" lon="105.7865590">
    <ele>7.9</ele>
   </trkpt>
   <trkpt lat="21.0635620" lon="105.7865730">
    <ele>7.9</ele>
   </trkpt>
   <trkpt lat="21.0635520" lon="105.7866120">
    <ele>7.9</ele>
   </trkpt>
   <trkpt lat="21.0635500" lon="105.7866250">
    <ele>7.9</ele>
   </trkpt>
   <trkpt lat="21.0635370" lon="105.7866650">
    <ele>7.9</ele>
   </trkpt>
   <trkpt lat="21.0635330" lon="105.7866780">
    <ele>7.9</ele>
   </trkpt>
   <trkpt lat="21.0635130" lon="105.7867110">
    <ele>7.9</ele>
   </trkpt>
   <trkpt lat="21.0635050" lon="105.7867210">
    <ele>7.9</ele>
   </trkpt>
   <trkpt lat="21.0634850" lon="105.7867580">
    <ele>7.9</ele>
   </trkpt>
   <trkpt lat="21.0634790" lon="105.7867710">
    <ele>7.9</ele>
   </trkpt>
   <trkpt lat="21.0634620" lon="105.7868070">
    <ele>7.9</ele>
   </trkpt>
   <trkpt lat="21.0634550" lon="105.7868190">
    <ele>7.9</ele>
   </trkpt>
   <trkpt lat="21.0634370" lon="105.7868530">
    <ele>7.9</ele>
   </trkpt>
   <trkpt lat="21.0634280" lon="105.7868660">
    <ele>7.9</ele>
   </trkpt>
   <trkpt lat="21.0634090" lon="105.7868900">
    <ele>7.9</ele>
   </trkpt>
   <trkpt lat="21.0633860" lon="105.7869220">
    <ele>7.9</ele>
   </trkpt>
   <trkpt lat="21.0633790" lon="105.7869340">
    <ele>7.9</ele>
   </trkpt>
   <trkpt lat="21.0633590" lon="105.7869660">
    <ele>7.9</ele>
   </trkpt>
   <trkpt lat="21.0633530" lon="105.7869780">
    <ele>7.9</ele>
   </trkpt>
   <trkpt lat="21.0633400" lon="105.7870080">
    <ele>7.9</ele>
   </trkpt>
   <trkpt lat="21.0633250" lon="105.7870290">
    <ele>7.9</ele>
   </trkpt>
   <trkpt lat="21.0633170" lon="105.7870270">
    <ele>7.9</ele>
   </trkpt>
   <trkpt lat="21.0633000" lon="105.7870590">
    <ele>7.9</ele>
   </trkpt>
   <trkpt lat="21.0632940" lon="105.7870720">
    <ele>7.9</ele>
   </trkpt>
   <trkpt lat="21.0632850" lon="105.7871050">
    <ele>7.9</ele>
   </trkpt>
   <trkpt lat="21.0632660" lon="105.7871450">
    <ele>7.9</ele>
   </trkpt>
   <trkpt lat="21.0632590" lon="105.7871590">
    <ele>7.9</ele>
   </trkpt>
   <trkpt lat="21.0632440" lon="105.7871980">
    <ele>7.9</ele>
   </trkpt>
   <trkpt lat="21.0632390" lon="105.7872100">
    <ele>7.9</ele>
   </trkpt>
   <trkpt lat="21.0632300" lon="105.7872370">
    <ele>7.9</ele>
   </trkpt>
   <trkpt lat="21.0632210" lon="105.7872770">
    <ele>7.9</ele>
   </trkpt>
   <trkpt lat="21.0632200" lon="105.7872910">
    <ele>7.9</ele>
   </trkpt>
   <trkpt lat="21.0632110" lon="105.7873300">
    <ele>7.9</ele>
   </trkpt>
   <trkpt lat="21.0632080" lon="105.7873440">
    <ele>7.9</ele>
   </trkpt>
   <trkpt lat="21.0632010" lon="105.7873810">
    <ele>7.9</ele>
   </trkpt>
   <trkpt lat="21.0631990" lon="105.7873960">
    <ele>7.9</ele>
   </trkpt>
   <trkpt lat="21.0632000" lon="105.7874270">
    <ele>7.9</ele>
   </trkpt>
   <trkpt lat="21.0631910" lon="105.7874680">
    <ele>7.9</ele>
   </trkpt>
   <trkpt lat="21.0631880" lon="105.7874800">
    <ele>7.9</ele>
   </trkpt>
   <trkpt lat="21.0631840" lon="105.7875210">
    <ele>7.9</ele>
   </trkpt>
   <trkpt lat="21.0631820" lon="105.7875340">
    <ele>7.9</ele>
   </trkpt>
   <trkpt lat="21.0631760" lon="105.7875720">
    <ele>7.9</ele>
   </trkpt>
   <trkpt lat="21.0631740" lon="105.7875850">
    <ele>7.9</ele>
   </trkpt>
   <trkpt lat="21.0631740" lon="105.7876260">
    <ele>7.9</ele>
   </trkpt>
   <trkpt lat="21.0631750" lon="105.7876390">
    <ele>7.9</ele>
   </trkpt>
   <trkpt lat="21.0631780" lon="105.7876790">
    <ele>7.9</ele>
   </trkpt>
   <trkpt lat="21.0631790" lon="105.7876930">
    <ele>7.9</ele>
   </trkpt>
   <trkpt lat="21.0631780" lon="105.7877340">
    <ele>7.9</ele>
   </trkpt>
   <trkpt lat="21.0631780" lon="105.7877480">
    <ele>7.9</ele>
   </trkpt>
   <trkpt lat="21.0631790" lon="105.7877800">
    <ele>7.9</ele>
   </trkpt>
   <trkpt lat="21.0631840" lon="105.7878190">
    <ele>7.9</ele>
   </trkpt>
   <trkpt lat="21.0631850" lon="105.7878340">
    <ele>7.9</ele>
   </trkpt>
   <trkpt lat="21.0632030" lon="105.7878710">
    <ele>8.0</ele>
   </trkpt>
   <trkpt lat="21.0632090" lon="105.7878830">
    <ele>8.0</ele>
   </trkpt>
   <trkpt lat="21.0632220" lon="105.7879190">
    <ele>8.0</ele>
   </trkpt>
   <trkpt lat="21.0632260" lon="105.7879300">
    <ele>8.0</ele>
   </trkpt>
   <trkpt lat="21.0632210" lon="105.7879640">
    <ele>8.0</ele>
   </trkpt>
   <trkpt lat="21.0632320" lon="105.7879980">
    <ele>8.0</ele>
   </trkpt>
   <trkpt lat="21.0632380" lon="105.7880280">
    <ele>8.0</ele>
   </trkpt>
   <trkpt lat="21.0632400" lon="105.7880600">
    <ele>7.9</ele>
   </trkpt>
   <trkpt lat="21.0632480" lon="105.7880950">
    <ele>7.9</ele>
   </trkpt>
   <trkpt lat="21.0632490" lon="105.7881080">
    <ele>7.9</ele>
   </trkpt>
   <trkpt lat="21.0632580" lon="105.7881440">
    <ele>7.9</ele>
   </trkpt>
   <trkpt lat="21.0632620" lon="105.7881570">
    <ele>7.9</ele>
   </trkpt>
   <trkpt lat="21.0632850" lon="105.7881780">
    <ele>7.9</ele>
   </trkpt>
   <trkpt lat="21.0632890" lon="105.7881920">
    <ele>7.9</ele>
   </trkpt>
   <trkpt lat="21.0632940" lon="105.7882220">
    <ele>7.9</ele>
   </trkpt>
   <trkpt lat="21.0633020" lon="105.7882520">
    <ele>7.9</ele>
   </trkpt>
   <trkpt lat="21.0633080" lon="105.7882830">
    <ele>7.9</ele>
   </trkpt>
   <trkpt lat="21.0633200" lon="105.7883240">
    <ele>7.9</ele>
   </trkpt>
   <trkpt lat="21.0633230" lon="105.7883400">
    <ele>7.9</ele>
   </trkpt>
   <trkpt lat="21.0633350" lon="105.7883780">
    <ele>7.9</ele>
   </trkpt>
   <trkpt lat="21.0633370" lon="105.7883930">
    <ele>7.9</ele>
   </trkpt>
   <trkpt lat="21.0633330" lon="105.7884360">
    <ele>7.9</ele>
   </trkpt>
   <trkpt lat="21.0633320" lon="105.7884510">
    <ele>7.9</ele>
   </trkpt>
   <trkpt lat="21.0633320" lon="105.7884900">
    <ele>7.9</ele>
   </trkpt>
   <trkpt lat="21.0633300" lon="105.7885030">
    <ele>7.9</ele>
   </trkpt>
   <trkpt lat="21.0633210" lon="105.7885330">
    <ele>7.8</ele>
   </trkpt>
   <trkpt lat="21.0633160" lon="105.7885410">
    <ele>7.8</ele>
   </trkpt>
   <trkpt lat="21.0633060" lon="105.7885720">
    <ele>7.8</ele>
   </trkpt>
   <trkpt lat="21.0633000" lon="105.7886090">
    <ele>7.8</ele>
   </trkpt>
   <trkpt lat="21.0633000" lon="105.7886210">
    <ele>7.8</ele>
   </trkpt>
   <trkpt lat="21.0633070" lon="105.7886520">
    <ele>7.8</ele>
   </trkpt>
   <trkpt lat="21.0633290" lon="105.7886760">
    <ele>7.8</ele>
   </trkpt>
   <trkpt lat="21.0633570" lon="105.7886920">
    <ele>7.8</ele>
   </trkpt>
   <trkpt lat="21.0633880" lon="105.7886990">
    <ele>7.8</ele>
   </trkpt>
   <trkpt lat="21.0634220" lon="105.7887030">
    <ele>7.8</ele>
   </trkpt>
   <trkpt lat="21.0634540" lon="105.7887140">
    <ele>7.8</ele>
   </trkpt>
   <trkpt lat="21.0634890" lon="105.7887170">
    <ele>7.7</ele>
   </trkpt>
   <trkpt lat="21.0635000" lon="105.7887200">
    <ele>7.7</ele>
   </trkpt>
   <trkpt lat="21.0635330" lon="105.7887220">
    <ele>7.7</ele>
   </trkpt>
   <trkpt lat="21.0635710" lon="105.7887310">
    <ele>7.7</ele>
   </trkpt>
   <trkpt lat="21.0635810" lon="105.7887390">
    <ele>7.7</ele>
   </trkpt>
   <trkpt lat="21.0636160" lon="105.7887520">
    <ele>7.7</ele>
   </trkpt>
   <trkpt lat="21.0636300" lon="105.7887560">
    <ele>7.7</ele>
   </trkpt>
   <trkpt lat="21.0636630" lon="105.7887660">
    <ele>7.7</ele>
   </trkpt>
   <trkpt lat="21.0636760" lon="105.7887670">
    <ele>7.7</ele>
   </trkpt>
   <trkpt lat="21.0637080" lon="105.7887800">
    <ele>7.7</ele>
   </trkpt>
   <trkpt lat="21.0637190" lon="105.7887840">
    <ele>7.7</ele>
   </trkpt>
   <trkpt lat="21.0637540" lon="105.7887970">
    <ele>7.7</ele>
   </trkpt>
   <trkpt lat="21.0637680" lon="105.7888040">
    <ele>7.7</ele>
   </trkpt>
   <trkpt lat="21.0637950" lon="105.7888130">
    <ele>7.7</ele>
   </trkpt>
   <trkpt lat="21.0638220" lon="105.7888330">
    <ele>7.7</ele>
   </trkpt>
   <trkpt lat="21.0638480" lon="105.7888400">
    <ele>7.7</ele>
   </trkpt>
   <trkpt lat="21.0638740" lon="105.7888480">
    <ele>7.7</ele>
   </trkpt>
   <trkpt lat="21.0639210" lon="105.7888710">
    <ele>7.7</ele>
   </trkpt>
   <trkpt lat="21.0639490" lon="105.7888770">
    <ele>7.7</ele>
   </trkpt>
   <trkpt lat="21.0639750" lon="105.7888890">
    <ele>7.7</ele>
   </trkpt>
   <trkpt lat="21.0640100" lon="105.7888990">
    <ele>7.7</ele>
   </trkpt>
   <trkpt lat="21.0640220" lon="105.7889050">
    <ele>7.7</ele>
   </trkpt>
   <trkpt lat="21.0640510" lon="105.7889210">
    <ele>7.7</ele>
   </trkpt>
   <trkpt lat="21.0640790" lon="105.7889350">
    <ele>7.7</ele>
   </trkpt>
   <trkpt lat="21.0641150" lon="105.7889490">
    <ele>7.7</ele>
   </trkpt>
   <trkpt lat="21.0641260" lon="105.7889560">
    <ele>7.7</ele>
   </trkpt>
   <trkpt lat="21.0641590" lon="105.7889730">
    <ele>7.7</ele>
   </trkpt>
   <trkpt lat="21.0641700" lon="105.7889770">
    <ele>7.7</ele>
   </trkpt>
   <trkpt lat="21.0642050" lon="105.7889930">
    <ele>7.7</ele>
   </trkpt>
   <trkpt lat="21.0642160" lon="105.7889980">
    <ele>7.7</ele>
   </trkpt>
   <trkpt lat="21.0642510" lon="105.7890130">
    <ele>7.7</ele>
   </trkpt>
   <trkpt lat="21.0642640" lon="105.7890170">
    <ele>7.6</ele>
   </trkpt>
   <trkpt lat="21.0642920" lon="105.7890280">
    <ele>7.6</ele>
   </trkpt>
   <trkpt lat="21.0643230" lon="105.7890390">
    <ele>7.6</ele>
   </trkpt>
   <trkpt lat="21.0643340" lon="105.7890450">
    <ele>7.6</ele>
   </trkpt>
   <trkpt lat="21.0643690" lon="105.7890590">
    <ele>7.6</ele>
   </trkpt>
   <trkpt lat="21.0643800" lon="105.7890670">
    <ele>7.6</ele>
   </trkpt>
   <trkpt lat="21.0644020" lon="105.7890830">
    <ele>7.6</ele>
   </trkpt>
   <trkpt lat="21.0644360" lon="105.7890860">
    <ele>7.6</ele>
   </trkpt>
   <trkpt lat="21.0644470" lon="105.7890890">
    <ele>7.6</ele>
   </trkpt>
   <trkpt lat="21.0644820" lon="105.7891070">
    <ele>7.6</ele>
   </trkpt>
   <trkpt lat="21.0644930" lon="105.7891140">
    <ele>7.6</ele>
   </trkpt>
   <trkpt lat="21.0645190" lon="105.7891260">
    <ele>7.6</ele>
   </trkpt>
   <trkpt lat="21.0645560" lon="105.7891350">
    <ele>7.6</ele>
   </trkpt>
   <trkpt lat="21.0645670" lon="105.7891380">
    <ele>7.6</ele>
   </trkpt>
   <trkpt lat="21.0646020" lon="105.7891420">
    <ele>7.6</ele>
   </trkpt>
   <trkpt lat="21.0646190" lon="105.7891450">
    <ele>7.6</ele>
   </trkpt>
   <trkpt lat="21.0646470" lon="105.7891460">
    <ele>7.6</ele>
   </trkpt>
   <trkpt lat="21.0646760" lon="105.7891480">
    <ele>7.6</ele>
   </trkpt>
   <trkpt lat="21.0647050" lon="105.7891440">
    <ele>7.7</ele>
   </trkpt>
   <trkpt lat="21.0647310" lon="105.7891400">
    <ele>7.7</ele>
   </trkpt>
   <trkpt lat="21.0647590" lon="105.7891410">
    <ele>7.7</ele>
   </trkpt>
   <trkpt lat="21.0647960" lon="105.7891300">
    <ele>7.7</ele>
   </trkpt>
   <trkpt lat="21.0648110" lon="105.7891270">
    <ele>7.7</ele>
   </trkpt>
   <trkpt lat="21.0648460" lon="105.7891210">
    <ele>7.7</ele>
   </trkpt>
   <trkpt lat="21.0648570" lon="105.7891170">
    <ele>7.7</ele>
   </trkpt>
   <trkpt lat="21.0648840" lon="105.7891060">
    <ele>7.7</ele>
   </trkpt>
   <trkpt lat="21.0649210" lon="105.7891030">
    <ele>7.6</ele>
   </trkpt>
   <trkpt lat="21.0649470" lon="105.7890950">
    <ele>7.6</ele>
   </trkpt>
   <trkpt lat="21.0649810" lon="105.7890910">
    <ele>7.6</ele>
   </trkpt>
   <trkpt lat="21.0650120" lon="105.7890820">
    <ele>7.6</ele>
   </trkpt>
   <trkpt lat="21.0650460" lon="105.7890670">
    <ele>7.6</ele>
   </trkpt>
   <trkpt lat="21.0650600" lon="105.7890610">
    <ele>7.6</ele>
   </trkpt>
   <trkpt lat="21.0650880" lon="105.7890510">
    <ele>7.6</ele>
   </trkpt>
   <trkpt lat="21.0651200" lon="105.7890280">
    <ele>7.6</ele>
   </trkpt>
   <trkpt lat="21.0651320" lon="105.7890230">
    <ele>7.6</ele>
   </trkpt>
   <trkpt lat="21.0651670" lon="105.7890090">
    <ele>7.6</ele>
   </trkpt>
   <trkpt lat="21.0651810" lon="105.7890030">
    <ele>7.6</ele>
   </trkpt>
   <trkpt lat="21.0652080" lon="105.7889880">
    <ele>7.6</ele>
   </trkpt>
   <trkpt lat="21.0652330" lon="105.7889670">
    <ele>7.7</ele>
   </trkpt>
   <trkpt lat="21.0652380" lon="105.7889590">
    <ele>7.7</ele>
   </trkpt>
   <trkpt lat="21.0652560" lon="105.7889260">
    <ele>7.7</ele>
   </trkpt>
   <trkpt lat="21.0652600" lon="105.7889180">
    <ele>7.7</ele>
   </trkpt>
   <trkpt lat="21.0652800" lon="105.7889000">
    <ele>7.7</ele>
   </trkpt>
   <trkpt lat="21.0653030" lon="105.7888680">
    <ele>7.7</ele>
   </trkpt>
   <trkpt lat="21.0653060" lon="105.7888550">
    <ele>7.7</ele>
   </trkpt>
   <trkpt lat="21.0653280" lon="105.7888260">
    <ele>7.7</ele>
   </trkpt>
   <trkpt lat="21.0653380" lon="105.7888130">
    <ele>7.7</ele>
   </trkpt>
   <trkpt lat="21.0653580" lon="105.7887810">
    <ele>7.7</ele>
   </trkpt>
   <trkpt lat="21.0653660" lon="105.7887700">
    <ele>7.7</ele>
   </trkpt>
   <trkpt lat="21.0653860" lon="105.7887400">
    <ele>7.7</ele>
   </trkpt>
   <trkpt lat="21.0653930" lon="105.7887310">
    <ele>7.7</ele>
   </trkpt>
   <trkpt lat="21.0654120" lon="105.7887000">
    <ele>7.7</ele>
   </trkpt>
   <trkpt lat="21.0654160" lon="105.7886870">
    <ele>7.7</ele>
   </trkpt>
   <trkpt lat="21.0654300" lon="105.7886490">
    <ele>7.7</ele>
   </trkpt>
   <trkpt lat="21.0654350" lon="105.7886340">
    <ele>7.7</ele>
   </trkpt>
   <trkpt lat="21.0654480" lon="105.7886000">
    <ele>7.7</ele>
   </trkpt>
   <trkpt lat="21.0654510" lon="105.7885890">
    <ele>7.7</ele>
   </trkpt>
   <trkpt lat="21.0654640" lon="105.7885540">
    <ele>7.8</ele>
   </trkpt>
   <trkpt lat="21.0654670" lon="105.7885440">
    <ele>7.8</ele>
   </trkpt>
   <trkpt lat="21.0654770" lon="105.7885070">
    <ele>7.8</ele>
   </trkpt>
   <trkpt lat="21.0654770" lon="105.7884950">
    <ele>7.8</ele>
   </trkpt>
   <trkpt lat="21.0654820" lon="105.7884530">
    <ele>7.8</ele>
   </trkpt>
   <trkpt lat="21.0654810" lon="105.7884380">
    <ele>7.8</ele>
   </trkpt>
   <trkpt lat="21.0654830" lon="105.7884080">
    <ele>7.8</ele>
   </trkpt>
   <trkpt lat="21.0654870" lon="105.7883690">
    <ele>7.8</ele>
   </trkpt>
   <trkpt lat="21.0654890" lon="105.7883550">
    <ele>7.8</ele>
   </trkpt>
   <trkpt lat="21.0654960" lon="105.7883160">
    <ele>7.8</ele>
   </trkpt>
   <trkpt lat="21.0654980" lon="105.7883040">
    <ele>7.8</ele>
   </trkpt>
   <trkpt lat="21.0655050" lon="105.7882680">
    <ele>7.8</ele>
   </trkpt>
   <trkpt lat="21.0655070" lon="105.7882560">
    <ele>7.8</ele>
   </trkpt>
   <trkpt lat="21.0655200" lon="105.7882240">
    <ele>7.9</ele>
   </trkpt>
   <trkpt lat="21.0655240" lon="105.7882140">
    <ele>7.9</ele>
   </trkpt>
   <trkpt lat="21.0655340" lon="105.7881770">
    <ele>7.9</ele>
   </trkpt>
   <trkpt lat="21.0655390" lon="105.7881610">
    <ele>7.9</ele>
   </trkpt>
   <trkpt lat="21.0655590" lon="105.7881240">
    <ele>7.9</ele>
   </trkpt>
   <trkpt lat="21.0655680" lon="105.7881110">
    <ele>7.9</ele>
   </trkpt>
   <trkpt lat="21.0655750" lon="105.7880700">
    <ele>7.9</ele>
   </trkpt>
   <trkpt lat="21.0655780" lon="105.7880540">
    <ele>7.9</ele>
   </trkpt>
   <trkpt lat="21.0655910" lon="105.7880260">
    <ele>7.9</ele>
   </trkpt>
   <trkpt lat="21.0656070" lon="105.7879980">
    <ele>7.9</ele>
   </trkpt>
   <trkpt lat="21.0656270" lon="105.7879630">
    <ele>8.0</ele>
   </trkpt>
   <trkpt lat="21.0656360" lon="105.7879500">
    <ele>8.0</ele>
   </trkpt>
   <trkpt lat="21.0656500" lon="105.7879210">
    <ele>8.0</ele>
   </trkpt>
   <trkpt lat="21.0656700" lon="105.7879000">
    <ele>8.0</ele>
   </trkpt>
   <trkpt lat="21.0656930" lon="105.7878680">
    <ele>8.0</ele>
   </trkpt>
   <trkpt lat="21.0657020" lon="105.7878580">
    <ele>8.0</ele>
   </trkpt>
   <trkpt lat="21.0657310" lon="105.7878360">
    <ele>8.0</ele>
   </trkpt>
   <trkpt lat="21.0657400" lon="105.7878260">
    <ele>8.0</ele>
   </trkpt>
   <trkpt lat="21.0657670" lon="105.7878090">
    <ele>8.0</ele>
   </trkpt>
   <trkpt lat="21.0657950" lon="105.7877880">
    <ele>8.0</ele>
   </trkpt>
   <trkpt lat="21.0658160" lon="105.7877560">
    <ele>8.0</ele>
   </trkpt>
   <trkpt lat="21.0658250" lon="105.7877460">
    <ele>8.0</ele>
   </trkpt>
   <trkpt lat="21.0658440" lon="105.7877210">
    <ele>8.0</ele>
   </trkpt>
   <trkpt lat="21.0658490" lon="105.7877150">
    <ele>8.0</ele>
   </trkpt>
   <trkpt lat="21.0658800" lon="105.7877040">
    <ele>8.0</ele>
   </trkpt>
   <trkpt lat="21.0659030" lon="105.7876860">
    <ele>8.0</ele>
   </trkpt>
   <trkpt lat="21.0659260" lon="105.7876570">
    <ele>8.1</ele>
   </trkpt>
   <trkpt lat="21.0659350" lon="105.7876470">
    <ele>8.1</ele>
   </trkpt>
   <trkpt lat="21.0659520" lon="105.7876140">
    <ele>8.1</ele>
   </trkpt>
   <trkpt lat="21.0659590" lon="105.7876030">
    <ele>8.1</ele>
   </trkpt>
   <trkpt lat="21.0659810" lon="105.7875720">
    <ele>8.1</ele>
   </trkpt>
   <trkpt lat="21.0659870" lon="105.7875620">
    <ele>8.1</ele>
   </trkpt>
   <trkpt lat="21.0660110" lon="105.7875260">
    <ele>8.1</ele>
   </trkpt>
   <trkpt lat="21.0660180" lon="105.7875120">
    <ele>8.1</ele>
   </trkpt>
   <trkpt lat="21.0660290" lon="105.7874840">
    <ele>8.1</ele>
   </trkpt>
   <trkpt lat="21.0660400" lon="105.7874500">
    <ele>8.1</ele>
   </trkpt>
   <trkpt lat="21.0660440" lon="105.7874380">
    <ele>8.1</ele>
   </trkpt>
   <trkpt lat="21.0660660" lon="105.7873900">
    <ele>8.2</ele>
   </trkpt>
   <trkpt lat="21.0660800" lon="105.7873620">
    <ele>8.2</ele>
   </trkpt>
   <trkpt lat="21.0660920" lon="105.7873270">
    <ele>8.2</ele>
   </trkpt>
   <trkpt lat="21.0660940" lon="105.7873160">
    <ele>8.2</ele>
   </trkpt>
   <trkpt lat="21.0661180" lon="105.7872860">
    <ele>8.2</ele>
   </trkpt>
   <trkpt lat="21.0661270" lon="105.7872760">
    <ele>8.2</ele>
   </trkpt>
   <trkpt lat="21.0661550" lon="105.7872500">
    <ele>8.2</ele>
   </trkpt>
   <trkpt lat="21.0661660" lon="105.7872400">
    <ele>8.3</ele>
   </trkpt>
   <trkpt lat="21.0661920" lon="105.7872150">
    <ele>8.3</ele>
   </trkpt>
   <trkpt lat="21.0662020" lon="105.7872070">
    <ele>8.3</ele>
   </trkpt>
   <trkpt lat="21.0662260" lon="105.7871920">
    <ele>8.3</ele>
   </trkpt>
   <trkpt lat="21.0662510" lon="105.7871690">
    <ele>8.3</ele>
   </trkpt>
   <trkpt lat="21.0662630" lon="105.7871610">
    <ele>8.3</ele>
   </trkpt>
   <trkpt lat="21.0663000" lon="105.7871530">
    <ele>8.3</ele>
   </trkpt>
   <trkpt lat="21.0663100" lon="105.7871490">
    <ele>8.3</ele>
   </trkpt>
   <trkpt lat="21.0663400" lon="105.7871380">
    <ele>8.3</ele>
   </trkpt>
   <trkpt lat="21.0663680" lon="105.7871270">
    <ele>8.3</ele>
   </trkpt>
   <trkpt lat="21.0663940" lon="105.7871210">
    <ele>8.3</ele>
   </trkpt>
   <trkpt lat="21.0664240" lon="105.7871130">
    <ele>8.3</ele>
   </trkpt>
   <trkpt lat="21.0664600" lon="105.7871070">
    <ele>8.3</ele>
   </trkpt>
   <trkpt lat="21.0664720" lon="105.7871050">
    <ele>8.3</ele>
   </trkpt>
   <trkpt lat="21.0665040" lon="105.7870930">
    <ele>8.4</ele>
   </trkpt>
   <trkpt lat="21.0665330" lon="105.7870850">
    <ele>8.4</ele>
   </trkpt>
   <trkpt lat="21.0665650" lon="105.7870750">
    <ele>8.4</ele>
   </trkpt>
   <trkpt lat="21.0665940" lon="105.7870630">
    <ele>8.4</ele>
   </trkpt>
   <trkpt lat="21.0666030" lon="105.7870580">
    <ele>8.4</ele>
   </trkpt>
   <trkpt lat="21.0666370" lon="105.7870370">
    <ele>8.4</ele>
   </trkpt>
   <trkpt lat="21.0666480" lon="105.7870300">
    <ele>8.4</ele>
   </trkpt>
   <trkpt lat="21.0666770" lon="105.7870110">
    <ele>8.4</ele>
   </trkpt>
   <trkpt lat="21.0666890" lon="105.7870050">
    <ele>8.4</ele>
   </trkpt>
   <trkpt lat="21.0667180" lon="105.7869940">
    <ele>8.4</ele>
   </trkpt>
   <trkpt lat="21.0667440" lon="105.7869830">
    <ele>8.4</ele>
   </trkpt>
   <trkpt lat="21.0667690" lon="105.7869670">
    <ele>8.4</ele>
   </trkpt>
   <trkpt lat="21.0667960" lon="105.7869550">
    <ele>8.4</ele>
   </trkpt>
   <trkpt lat="21.0668320" lon="105.7869340">
    <ele>8.4</ele>
   </trkpt>
   <trkpt lat="21.0668440" lon="105.7869250">
    <ele>8.4</ele>
   </trkpt>
   <trkpt lat="21.0668680" lon="105.7869080">
    <ele>8.4</ele>
   </trkpt>
   <trkpt lat="21.0668950" lon="105.7868910">
    <ele>8.4</ele>
   </trkpt>
   <trkpt lat="21.0669190" lon="105.7868710">
    <ele>8.5</ele>
   </trkpt>
   <trkpt lat="21.0669410" lon="105.7868520">
    <ele>8.5</ele>
   </trkpt>
   <trkpt lat="21.0669720" lon="105.7868260">
    <ele>8.5</ele>
   </trkpt>
   <trkpt lat="21.0669850" lon="105.7868160">
    <ele>8.5</ele>
   </trkpt>
   <trkpt lat="21.0670090" lon="105.7868010">
    <ele>8.5</ele>
   </trkpt>
   <trkpt lat="21.0670350" lon="105.7867720">
    <ele>8.5</ele>
   </trkpt>
   <trkpt lat="21.0670450" lon="105.7867630">
    <ele>8.5</ele>
   </trkpt>
   <trkpt lat="21.0670710" lon="105.7867520">
    <ele>8.5</ele>
   </trkpt>
   <trkpt lat="21.0670800" lon="105.7867440">
    <ele>8.5</ele>
   </trkpt>
   <trkpt lat="21.0671020" lon="105.7867220">
    <ele>8.5</ele>
   </trkpt>
   <trkpt lat="21.0671170" lon="105.7866970">
    <ele>8.5</ele>
   </trkpt>
   <trkpt lat="21.0671380" lon="105.7866670">
    <ele>8.5</ele>
   </trkpt>
   <trkpt lat="21.0671460" lon="105.7866560">
    <ele>8.5</ele>
   </trkpt>
   <trkpt lat="21.0671780" lon="105.7866280">
    <ele>8.5</ele>
   </trkpt>
   <trkpt lat="21.0671870" lon="105.7866160">
    <ele>8.5</ele>
   </trkpt>
   <trkpt lat="21.0672130" lon="105.7865840">
    <ele>8.5</ele>
   </trkpt>
   <trkpt lat="21.0672210" lon="105.7865730">
    <ele>8.5</ele>
   </trkpt>
   <trkpt lat="21.0672430" lon="105.7865550">
    <ele>8.5</ele>
   </trkpt>
   <trkpt lat="21.0672690" lon="105.7865220">
    <ele>8.5</ele>
   </trkpt>
   <trkpt lat="21.0672770" lon="105.7865100">
    <ele>8.5</ele>
   </trkpt>
   <trkpt lat="21.0672910" lon="105.7864800">
    <ele>8.5</ele>
   </trkpt>
   <trkpt lat="21.0672930" lon="105.7864700">
    <ele>8.5</ele>
   </trkpt>
   <trkpt lat="21.0672940" lon="105.7864310">
    <ele>8.5</ele>
   </trkpt>
   <trkpt lat="21.0672910" lon="105.7864170">
    <ele>8.5</ele>
   </trkpt>
   <trkpt lat="21.0672790" lon="105.7863850">
    <ele>8.5</ele>
   </trkpt>
   <trkpt lat="21.0672720" lon="105.7863740">
    <ele>8.5</ele>
   </trkpt>
   <trkpt lat="21.0672520" lon="105.7863400">
    <ele>8.5</ele>
   </trkpt>
   <trkpt lat="21.0672440" lon="105.7863300">
    <ele>8.5</ele>
   </trkpt>
   <trkpt lat="21.0672330" lon="105.7862950">
    <ele>8.5</ele>
   </trkpt>
   <trkpt lat="21.0672270" lon="105.7862830">
    <ele>8.5</ele>
   </trkpt>
   <trkpt lat="21.0672070" lon="105.7862500">
    <ele>8.5</ele>
   </trkpt>
   <trkpt lat="21.0672010" lon="105.7862380">
    <ele>8.5</ele>
   </trkpt>
   <trkpt lat="21.0671840" lon="105.7862030">
    <ele>8.5</ele>
   </trkpt>
   <trkpt lat="21.0671790" lon="105.7861900">
    <ele>8.5</ele>
   </trkpt>
   <trkpt lat="21.0671620" lon="105.7861620">
    <ele>8.5</ele>
   </trkpt>
   <trkpt lat="21.0671540" lon="105.7861550">
    <ele>8.5</ele>
   </trkpt>
   <trkpt lat="21.0671440" lon="105.7861280">
    <ele>8.5</ele>
   </trkpt>
   <trkpt lat="21.0671290" lon="105.7860990">
    <ele>8.5</ele>
   </trkpt>
   <trkpt lat="21.0671100" lon="105.7860680">
    <ele>8.5</ele>
   </trkpt>
   <trkpt lat="21.0671050" lon="105.7860570">
    <ele>8.5</ele>
   </trkpt>
   <trkpt lat="21.0670890" lon="105.7860240">
    <ele>8.5</ele>
   </trkpt>
   <trkpt lat="21.0670840" lon="105.7860140">
    <ele>8.5</ele>
   </trkpt>
   <trkpt lat="21.0670660" lon="105.7859810">
    <ele>8.5</ele>
   </trkpt>
   <trkpt lat="21.0670590" lon="105.7859690">
    <ele>8.5</ele>
   </trkpt>
   <trkpt lat="21.0670440" lon="105.7859330">
    <ele>8.5</ele>
   </trkpt>
   <trkpt lat="21.0670390" lon="105.7859210">
    <ele>8.5</ele>
   </trkpt>
   <trkpt lat="21.0670210" lon="105.7858850">
    <ele>8.5</ele>
   </trkpt>
   <trkpt lat="21.0670150" lon="105.7858740">
    <ele>8.4</ele>
   </trkpt>
   <trkpt lat="21.0669930" lon="105.7858410">
    <ele>8.4</ele>
   </trkpt>
   <trkpt lat="21.0669860" lon="105.7858310">
    <ele>8.4</ele>
   </trkpt>
   <trkpt lat="21.0669640" lon="105.7858120">
    <ele>8.4</ele>
   </trkpt>
   <trkpt lat="21.0669430" lon="105.7857910">
    <ele>8.4</ele>
   </trkpt>
   <trkpt lat="21.0669160" lon="105.7857800">
    <ele>8.4</ele>
   </trkpt>
   <trkpt lat="21.0668900" lon="105.7857690">
    <ele>8.4</ele>
   </trkpt>
   <trkpt lat="21.0668630" lon="105.7857580">
    <ele>8.3</ele>
   </trkpt>
   <trkpt lat="21.0668250" lon="105.7857440">
    <ele>8.3</ele>
   </trkpt>
   <trkpt lat="21.0668110" lon="105.7857410">
    <ele>8.3</ele>
   </trkpt>
   <trkpt lat="21.0667820" lon="105.7857320">
    <ele>8.2</ele>
   </trkpt>
   <trkpt lat="21.0667550" lon="105.7857210">
    <ele>8.2</ele>
   </trkpt>
   <trkpt lat="21.0667130" lon="105.7857140">
    <ele>8.2</ele>
   </trkpt>
   <trkpt lat="21.0666960" lon="105.7857120">
    <ele>8.2</ele>
   </trkpt>
   <trkpt lat="21.0666690" lon="105.7857050">
    <ele>8.2</ele>
   </trkpt>
   <trkpt lat="21.0666410" lon="105.7856970">
    <ele>8.2</ele>
   </trkpt>
   <trkpt lat="21.0666010" lon="105.7856910">
    <ele>8.1</ele>
   </trkpt>
   <trkpt lat="21.0665870" lon="105.7856890">
    <ele>8.1</ele>
   </trkpt>
   <trkpt lat="21.0665600" lon="105.7856870">
    <ele>8.1</ele>
   </trkpt>
   <trkpt lat="21.0665220" lon="105.7856780">
    <ele>8.1</ele>
   </trkpt>
   <trkpt lat="21.0665070" lon="105.7856750">
    <ele>8.1</ele>
   </trkpt>
   <trkpt lat="21.0664760" lon="105.7856770">
    <ele>8.1</ele>
   </trkpt>
   <trkpt lat="21.0664480" lon="105.7856780">
    <ele>8.1</ele>
   </trkpt>
   <trkpt lat="21.0664190" lon="105.7856820">
    <ele>8.1</ele>
   </trkpt>
   <trkpt lat="21.0663880" lon="105.7856820">
    <ele>8.1</ele>
   </trkpt>
   <trkpt lat="21.0663570" lon="105.7856860">
    <ele>8.1</ele>
   </trkpt>
   <trkpt lat="21.0663300" lon="105.7856920">
    <ele>8.1</ele>
   </trkpt>
   <trkpt lat="21.0663000" lon="105.7857010">
    <ele>8.1</ele>
   </trkpt>
   <trkpt lat="21.0662730" lon="105.7857080">
    <ele>8.0</ele>
   </trkpt>
   <trkpt lat="21.0662430" lon="105.7857190">
    <ele>8.0</ele>
   </trkpt>
   <trkpt lat="21.0662170" lon="105.7857300">
    <ele>8.0</ele>
   </trkpt>
   <trkpt lat="21.0661940" lon="105.7857480">
    <ele>8.0</ele>
   </trkpt>
   <trkpt lat="21.0661670" lon="105.7857620">
    <ele>8.0</ele>
   </trkpt>
   <trkpt lat="21.0661450" lon="105.7857820">
    <ele>8.0</ele>
   </trkpt>
   <trkpt lat="21.0661180" lon="105.7857920">
    <ele>8.1</ele>
   </trkpt>
   <trkpt lat="21.0660940" lon="105.7858100">
    <ele>8.1</ele>
   </trkpt>
   <trkpt lat="21.0660700" lon="105.7858230">
    <ele>8.1</ele>
   </trkpt>
   <trkpt lat="21.0660440" lon="105.7858420">
    <ele>8.1</ele>
   </trkpt>
   <trkpt lat="21.0660120" lon="105.7858620">
    <ele>8.1</ele>
   </trkpt>
   <trkpt lat="21.0659720" lon="105.7858950">
    <ele>8.1</ele>
   </trkpt>
   <trkpt lat="21.0659530" lon="105.7859130">
    <ele>8.1</ele>
   </trkpt>
   <trkpt lat="21.0659230" lon="105.7859390">
    <ele>8.1</ele>
   </trkpt>
   <trkpt lat="21.0659130" lon="105.7859490">
    <ele>8.1</ele>
   </trkpt>
   <trkpt lat="21.0658870" lon="105.7859760">
    <ele>8.1</ele>
   </trkpt>
   <trkpt lat="21.0658790" lon="105.7859860">
    <ele>8.1</ele>
   </trkpt>
   <trkpt lat="21.0658490" lon="105.7860080">
    <ele>8.0</ele>
   </trkpt>
   <trkpt lat="21.0658380" lon="105.7860130">
    <ele>8.0</ele>
   </trkpt>
   <trkpt lat="21.0658100" lon="105.7860340">
    <ele>8.0</ele>
   </trkpt>
   <trkpt lat="21.0657790" lon="105.7860550">
    <ele>8.0</ele>
   </trkpt>
   <trkpt lat="21.0657660" lon="105.7860590">
    <ele>8.0</ele>
   </trkpt>
   <trkpt lat="21.0657280" lon="105.7860670">
    <ele>8.0</ele>
   </trkpt>
   <trkpt lat="21.0657150" lon="105.7860680">
    <ele>8.0</ele>
   </trkpt>
   <trkpt lat="21.0656850" lon="105.7860510">
    <ele>8.0</ele>
   </trkpt>
   <trkpt lat="21.0656730" lon="105.7860500">
    <ele>8.0</ele>
   </trkpt>
   <trkpt lat="21.0656450" lon="105.7860550">
    <ele>8.0</ele>
   </trkpt>
   <trkpt lat="21.0656180" lon="105.7860540">
    <ele>8.0</ele>
   </trkpt>
   <trkpt lat="21.0655850" lon="105.7860440">
    <ele>8.0</ele>
   </trkpt>
   <trkpt lat="21.0655750" lon="105.7860390">
    <ele>8.0</ele>
   </trkpt>
   <trkpt lat="21.0655440" lon="105.7860190">
    <ele>8.0</ele>
   </trkpt>
   <trkpt lat="21.0655330" lon="105.7860100">
    <ele>8.0</ele>
   </trkpt>
   <trkpt lat="21.0655040" lon="105.7859860">
    <ele>8.0</ele>
   </trkpt>
   <trkpt lat="21.0654940" lon="105.7859800">
    <ele>8.0</ele>
   </trkpt>
   <trkpt lat="21.0654770" lon="105.7859560">
    <ele>8.0</ele>
   </trkpt>
   <trkpt lat="21.0654540" lon="105.7859280">
    <ele>8.0</ele>
   </trkpt>
   <trkpt lat="21.0654450" lon="105.7859180">
    <ele>8.0</ele>
   </trkpt>
   <trkpt lat="21.0654190" lon="105.7858840">
    <ele>8.0</ele>
   </trkpt>
   <trkpt lat="21.0654100" lon="105.7858700">
    <ele>8.0</ele>
   </trkpt>
   <trkpt lat="21.0653930" lon="105.7858460">
    <ele>8.0</ele>
   </trkpt>
   <trkpt lat="21.0653880" lon="105.7858360">
    <ele>8.0</ele>
   </trkpt>
   <trkpt lat="21.0653760" lon="105.7858070">
    <ele>8.0</ele>
   </trkpt>
   <trkpt lat="21.0653580" lon="105.7857780">
    <ele>8.0</ele>
   </trkpt>
   <trkpt lat="21.0653510" lon="105.7857700">
    <ele>8.0</ele>
   </trkpt>
   <trkpt lat="21.0653320" lon="105.7857330">
    <ele>8.0</ele>
   </trkpt>
   <trkpt lat="21.0653250" lon="105.7857220">
    <ele>8.0</ele>
   </trkpt>
   <trkpt lat="21.0653000" lon="105.7856910">
    <ele>8.0</ele>
   </trkpt>
   <trkpt lat="21.0652920" lon="105.7856820">
    <ele>8.0</ele>
   </trkpt>
   <trkpt lat="21.0652690" lon="105.7856490">
    <ele>8.0</ele>
   </trkpt>
   <trkpt lat="21.0652590" lon="105.7856370">
    <ele>8.0</ele>
   </trkpt>
   <trkpt lat="21.0652420" lon="105.7856130">
    <ele>8.0</ele>
   </trkpt>
   <trkpt lat="21.0652140" lon="105.7855860">
    <ele>8.0</ele>
   </trkpt>
   <trkpt lat="21.0652040" lon="105.7855770">
    <ele>8.0</ele>
   </trkpt>
   <trkpt lat="21.0651760" lon="105.7855520">
    <ele>8.0</ele>
   </trkpt>
   <trkpt lat="21.0651650" lon="105.7855440">
    <ele>8.0</ele>
   </trkpt>
   <trkpt lat="21.0651450" lon="105.7855220">
    <ele>8.0</ele>
   </trkpt>
   <trkpt lat="21.0651250" lon="105.7855010">
    <ele>8.0</ele>
   </trkpt>
   <trkpt lat="21.0650990" lon="105.7854790">
    <ele>7.9</ele>
   </trkpt>
   <trkpt lat="21.0650890" lon="105.7854700">
    <ele>7.9</ele>
   </trkpt>
   <trkpt lat="21.0650680" lon="105.7854480">
    <ele>7.9</ele>
   </trkpt>
   <trkpt lat="21.0650390" lon="105.7854260">
    <ele>7.9</ele>
   </trkpt>
   <trkpt lat="21.0650250" lon="105.7854210">
    <ele>7.9</ele>
   </trkpt>
   <trkpt lat="21.0649950" lon="105.7854090">
    <ele>7.9</ele>
   </trkpt>
   <trkpt lat="21.0649840" lon="105.7854080">
    <ele>7.9</ele>
   </trkpt>
   <trkpt lat="21.0649610" lon="105.7853910">
    <ele>7.9</ele>
   </trkpt>
   <trkpt lat="21.0649260" lon="105.7853660">
    <ele>7.9</ele>
   </trkpt>
   <trkpt lat="21.0649130" lon="105.7853570">
    <ele>7.9</ele>
   </trkpt>
   <trkpt lat="21.0648850" lon="105.7853320">
    <ele>7.9</ele>
   </trkpt>
   <trkpt lat="21.0648470" lon="105.7853250">
    <ele>7.9</ele>
   </trkpt>
   <trkpt lat="21.0648360" lon="105.7853210">
    <ele>7.9</ele>
   </trkpt>
   <trkpt lat="21.0647950" lon="105.7853110">
    <ele>7.9</ele>
   </trkpt>
   <trkpt lat="21.0647800" lon="105.7853040">
    <ele>7.9</ele>
   </trkpt>
   <trkpt lat="21.0647430" lon="105.7852940">
    <ele>7.9</ele>
   </trkpt>
   <trkpt lat="21.0647280" lon="105.7852910">
    <ele>7.9</ele>
   </trkpt>
   <trkpt lat="21.0646900" lon="105.7852930">
    <ele>7.9</ele>
   </trkpt>
   <trkpt lat="21.0646770" lon="105.7852920">
    <ele>7.9</ele>
   </trkpt>
   <trkpt lat="21.0646380" lon="105.7852840">
    <ele>7.9</ele>
   </trkpt>
   <trkpt lat="21.0646240" lon="105.7852830">
    <ele>7.9</ele>
   </trkpt>
   <trkpt lat="21.0645850" lon="105.7852740">
    <ele>7.9</ele>
   </trkpt>
   <trkpt lat="21.0645700" lon="105.7852740">
    <ele>7.9</ele>
   </trkpt>
   <trkpt lat="21.0645330" lon="105.7852790">
    <ele>7.9</ele>
   </trkpt>
   <trkpt lat="21.0645200" lon="105.7852820">
    <ele>7.9</ele>
   </trkpt>
   <trkpt lat="21.0644770" lon="105.7852810">
    <ele>7.8</ele>
   </trkpt>
   <trkpt lat="21.0644610" lon="105.7852810">
    <ele>7.8</ele>
   </trkpt>
   <trkpt lat="21.0644330" lon="105.7852810">
    <ele>7.8</ele>
   </trkpt>
   <trkpt lat="21.0643950" lon="105.7852820">
    <ele>7.8</ele>
   </trkpt>
   <trkpt lat="21.0643840" lon="105.7852830">
    <ele>7.8</ele>
   </trkpt>
   <trkpt lat="21.0643530" lon="105.7852860">
    <ele>7.8</ele>
   </trkpt>
   <trkpt lat="21.0643230" lon="105.7852880">
    <ele>7.8</ele>
   </trkpt>
   <trkpt lat="21.0642920" lon="105.7852990">
    <ele>7.8</ele>
   </trkpt>
   <trkpt lat="21.0642800" lon="105.7853010">
    <ele>7.8</ele>
   </trkpt>
   <trkpt lat="21.0642450" lon="105.7853080">
    <ele>7.8</ele>
   </trkpt>
   <trkpt lat="21.0642350" lon="105.7853100">
    <ele>7.8</ele>
   </trkpt>
   <trkpt lat="21.0642040" lon="105.7853190">
    <ele>7.8</ele>
   </trkpt>
   <trkpt lat="21.0641770" lon="105.7853250">
    <ele>7.8</ele>
   </trkpt>
   <trkpt lat="21.0641450" lon="105.7853430">
    <ele>7.8</ele>
   </trkpt>
   <trkpt lat="21.0641320" lon="105.7853500">
    <ele>7.8</ele>
   </trkpt>
   <trkpt lat="21.0640980" lon="105.7853690">
    <ele>7.8</ele>
   </trkpt>
   <trkpt lat="21.0640860" lon="105.7853740">
    <ele>7.8</ele>
   </trkpt>
   <trkpt lat="21.0640460" lon="105.7853850">
    <ele>7.8</ele>
   </trkpt>
   <trkpt lat="21.0640300" lon="105.7853890">
    <ele>7.8</ele>
   </trkpt>
   <trkpt lat="21.0640080" lon="105.7854090">
    <ele>7.8</ele>
   </trkpt>
   <trkpt lat="21.0639820" lon="105.7854220">
    <ele>7.8</ele>
   </trkpt>
   <trkpt lat="21.0639460" lon="105.7854400">
    <ele>7.8</ele>
   </trkpt>
   <trkpt lat="21.0639320" lon="105.7854430">
    <ele>7.7</ele>
   </trkpt>
   <trkpt lat="21.0639100" lon="105.7854620">
    <ele>7.7</ele>
   </trkpt>
   <trkpt lat="21.0638890" lon="105.7854810">
    <ele>7.7</ele>
   </trkpt>
   <trkpt lat="21.0638640" lon="105.7855030">
    <ele>7.7</ele>
   </trkpt>
   <trkpt lat="21.0638540" lon="105.7855090">
    <ele>7.7</ele>
   </trkpt>
   <trkpt lat="21.0638320" lon="105.7855300">
    <ele>7.7</ele>
   </trkpt>
   <trkpt lat="21.0638110" lon="105.7855500">
    <ele>7.7</ele>
   </trkpt>
   <trkpt lat="21.0637860" lon="105.7855780">
    <ele>7.7</ele>
   </trkpt>
   <trkpt lat="21.0637780" lon="105.7855900">
    <ele>7.7</ele>
   </trkpt>
   <trkpt lat="21.0637540" lon="105.7856120">
    <ele>7.7</ele>
   </trkpt>
   <trkpt lat="21.0637360" lon="105.7856500">
    <ele>7.7</ele>
   </trkpt>
   <trkpt lat="21.0637300" lon="105.7856630">
    <ele>7.7</ele>
   </trkpt>
   <trkpt lat="21.0637120" lon="105.7856940">
    <ele>7.7</ele>
   </trkpt>
   <trkpt lat="21.0637050" lon="105.7857050">
    <ele>7.7</ele>
   </trkpt>
   <trkpt lat="21.0636950" lon="105.7857330">
    <ele>7.7</ele>
   </trkpt>
   <trkpt lat="21.0636840" lon="105.7857730">
    <ele>7.7</ele>
   </trkpt>
   <trkpt lat="21.0636690" lon="105.7858100">
    <ele>7.7</ele>
   </trkpt>
   <trkpt lat="21.0636650" lon="105.7858210">
    <ele>7.7</ele>
   </trkpt>
   <trkpt lat="21.0636450" lon="105.7858590">
    <ele>7.7</ele>
   </trkpt>
   <trkpt lat="21.0636380" lon="105.7858740">
    <ele>7.7</ele>
   </trkpt>
   <trkpt lat="21.0636250" lon="105.7859080">
    <ele>7.7</ele>
   </trkpt>
   <trkpt lat="21.0636180" lon="105.7859180">
    <ele>7.7</ele>
   </trkpt>
   <trkpt lat="21.0636120" lon="105.7859540">
    <ele>7.7</ele>
   </trkpt>
   <trkpt lat="21.0636110" lon="105.7859630">
    <ele>7.7</ele>
   </trkpt>
   <trkpt lat="21.0635970" lon="105.7859880">
    <ele>7.7</ele>
   </trkpt>
   <trkpt lat="21.0635930" lon="105.7860170">
    <ele>7.7</ele>
   </trkpt>
   <trkpt lat="21.0635870" lon="105.7860510">
    <ele>7.7</ele>
   </trkpt>
   <trkpt lat="21.0635850" lon="105.7860600">
    <ele>7.7</ele>
   </trkpt>
   <trkpt lat="21.0635750" lon="105.7861130">
    <ele>7.7</ele>
   </trkpt>
   <trkpt lat="21.0635710" lon="105.7861390">
    <ele>7.7</ele>
   </trkpt>
   <trkpt lat="21.0635640" lon="105.7861780">
    <ele>7.8</ele>
   </trkpt>
   <trkpt lat="21.0635610" lon="105.7861890">
    <ele>7.8</ele>
   </trkpt>
   <trkpt lat="21.0635570" lon="105.7862260">
    <ele>7.8</ele>
   </trkpt>
   <trkpt lat="21.0635580" lon="105.7862380">
    <ele>7.8</ele>
   </trkpt>
   <trkpt lat="21.0635570" lon="105.7862710">
    <ele>7.8</ele>
   </trkpt>
   <trkpt lat="21.0635570" lon="105.7862840">
    <ele>7.8</ele>
   </trkpt>
   <trkpt lat="21.0635540" lon="105.7863130">
    <ele>7.8</ele>
   </trkpt>
   <trkpt lat="21.0635510" lon="105.7863510">
    <ele>7.8</ele>
   </trkpt>
   <trkpt lat="21.0635490" lon="105.7863660">
    <ele>7.8</ele>
   </trkpt>
   <trkpt lat="21.0635510" lon="105.7864070">
    <ele>7.8</ele>
   </trkpt>
   <trkpt lat="21.0635520" lon="105.7864210">
    <ele>7.8</ele>
   </trkpt>
   <trkpt lat="21.0635550" lon="105.7864600">
    <ele>7.9</ele>
   </trkpt>
   <trkpt lat="21.0635540" lon="105.7864720">
    <ele>7.9</ele>
   </trkpt>
   <trkpt lat="21.0635550" lon="105.7865020">
    <ele>7.9</ele>
   </trkpt>
   <trkpt lat="21.0635500" lon="105.7865360">
    <ele>7.9</ele>
   </trkpt>
   <trkpt lat="21.0635470" lon="105.7865480">
    <ele>7.9</ele>
   </trkpt>
   <trkpt lat="21.0635400" lon="105.7865900">
    <ele>7.9</ele>
   </trkpt>
   <trkpt lat="21.0635370" lon="105.7866050">
    <ele>7.9</ele>
   </trkpt>
   <trkpt lat="21.0635190" lon="105.7866410">
    <ele>7.9</ele>
   </trkpt>
   <trkpt lat="21.0635140" lon="105.7866530">
    <ele>7.9</ele>
   </trkpt>
   <trkpt lat="21.0634960" lon="105.7866840">
    <ele>7.9</ele>
   </trkpt>
   <trkpt lat="21.0634900" lon="105.7866950">
    <ele>7.9</ele>
   </trkpt>
   <trkpt lat="21.0634750" lon="105.7867280">
    <ele>7.9</ele>
   </trkpt>
   <trkpt lat="21.0634710" lon="105.7867410">
    <ele>7.9</ele>
   </trkpt>
   <trkpt lat="21.0634650" lon="105.7867700">
    <ele>7.9</ele>
   </trkpt>
   <trkpt lat="21.0634400" lon="105.7868060">
    <ele>7.9</ele>
   </trkpt>
   <trkpt lat="21.0634330" lon="105.7868210">
    <ele>7.9</ele>
   </trkpt>
   <trkpt lat="21.0634130" lon="105.7868430">
    <ele>7.9</ele>
   </trkpt>
   <trkpt lat="21.0633930" lon="105.7868620">
    <ele>7.9</ele>
   </trkpt>
   <trkpt lat="21.0633770" lon="105.7868860">
    <ele>7.9</ele>
   </trkpt>
   <trkpt lat="21.0633620" lon="105.7869130">
    <ele>7.9</ele>
   </trkpt>
   <trkpt lat="21.0633440" lon="105.7869420">
    <ele>7.9</ele>
   </trkpt>
   <trkpt lat="21.0633310" lon="105.7869760">
    <ele>7.9</ele>
   </trkpt>
   <trkpt lat="21.0633240" lon="105.7869870">
    <ele>7.9</ele>
   </trkpt>
   <trkpt lat="21.0633150" lon="105.7870150">
    <ele>7.9</ele>
   </trkpt>
   <trkpt lat="21.0633040" lon="105.7870450">
    <ele>7.9</ele>
   </trkpt>
   <trkpt lat="21.0632920" lon="105.7870760">
    <ele>7.9</ele>
   </trkpt>
   <trkpt lat="21.0632760" lon="105.7871170">
    <ele>7.9</ele>
   </trkpt>
   <trkpt lat="21.0632690" lon="105.7871310">
    <ele>7.9</ele>
   </trkpt>
   <trkpt lat="21.0632470" lon="105.7871640">
    <ele>7.9</ele>
   </trkpt>
   <trkpt lat="21.0632420" lon="105.7871740">
    <ele>7.9</ele>
   </trkpt>
   <trkpt lat="21.0632260" lon="105.7872080">
    <ele>7.9</ele>
   </trkpt>
   <trkpt lat="21.0632210" lon="105.7872200">
    <ele>7.9</ele>
   </trkpt>
   <trkpt lat="21.0632130" lon="105.7872480">
    <ele>7.9</ele>
   </trkpt>
   <trkpt lat="21.0632060" lon="105.7872760">
    <ele>7.9</ele>
   </trkpt>
   <trkpt lat="21.0632000" lon="105.7873070">
    <ele>7.9</ele>
   </trkpt>
   <trkpt lat="21.0631900" lon="105.7873460">
    <ele>7.9</ele>
   </trkpt>
   <trkpt lat="21.0631860" lon="105.7873590">
    <ele>7.9</ele>
   </trkpt>
   <trkpt lat="21.0631850" lon="105.7873960">
    <ele>7.9</ele>
   </trkpt>
   <trkpt lat="21.0631840" lon="105.7874090">
    <ele>7.9</ele>
   </trkpt>
   <trkpt lat="21.0631800" lon="105.7874500">
    <ele>7.9</ele>
   </trkpt>
   <trkpt lat="21.0631800" lon="105.7874640">
    <ele>7.9</ele>
   </trkpt>
   <trkpt lat="21.0631800" lon="105.7874930">
    <ele>7.9</ele>
   </trkpt>
   <trkpt lat="21.0631800" lon="105.7875260">
    <ele>7.9</ele>
   </trkpt>
   <trkpt lat="21.0631800" lon="105.7875380">
    <ele>7.9</ele>
   </trkpt>
   <trkpt lat="21.0631770" lon="105.7875810">
    <ele>7.9</ele>
   </trkpt>
   <trkpt lat="21.0631750" lon="105.7875980">
    <ele>7.9</ele>
   </trkpt>
   <trkpt lat="21.0631760" lon="105.7876380">
    <ele>7.9</ele>
   </trkpt>
   <trkpt lat="21.0631750" lon="105.7876510">
    <ele>7.9</ele>
   </trkpt>
   <trkpt lat="21.0631760" lon="105.7876810">
    <ele>7.9</ele>
   </trkpt>
   <trkpt lat="21.0631780" lon="105.7877170">
    <ele>7.9</ele>
   </trkpt>
   <trkpt lat="21.0631810" lon="105.7877300">
    <ele>7.9</ele>
   </trkpt>
   <trkpt lat="21.0631820" lon="105.7877610">
    <ele>7.9</ele>
   </trkpt>
   <trkpt lat="21.0631780" lon="105.7877930">
    <ele>7.9</ele>
   </trkpt>
   <trkpt lat="21.0631840" lon="105.7878290">
    <ele>7.9</ele>
   </trkpt>
   <trkpt lat="21.0631880" lon="105.7878410">
    <ele>7.9</ele>
   </trkpt>
   <trkpt lat="21.0631980" lon="105.7878770">
    <ele>8.0</ele>
   </trkpt>
   <trkpt lat="21.0632010" lon="105.7878910">
    <ele>8.0</ele>
   </trkpt>
   <trkpt lat="21.0632130" lon="105.7879270">
    <ele>8.0</ele>
   </trkpt>
   <trkpt lat="21.0632160" lon="105.7879420">
    <ele>8.0</ele>
   </trkpt>
   <trkpt lat="21.0632270" lon="105.7879750">
    <ele>8.0</ele>
   </trkpt>
   <trkpt lat="21.0632280" lon="105.7879890">
    <ele>8.0</ele>
   </trkpt>
   <trkpt lat="21.0632420" lon="105.7880200">
    <ele>8.0</ele>
   </trkpt>
   <trkpt lat="21.0632560" lon="105.7880460">
    <ele>8.0</ele>
   </trkpt>
   <trkpt lat="21.0632650" lon="105.7880820">
    <ele>7.9</ele>
   </trkpt>
   <trkpt lat="21.0632650" lon="105.7880960">
    <ele>7.9</ele>
   </trkpt>
   <trkpt lat="21.0632690" lon="105.7881250">
    <ele>7.9</ele>
   </trkpt>
   <trkpt lat="21.0632810" lon="105.7881520">
    <ele>7.9</ele>
   </trkpt>
   <trkpt lat="21.0632960" lon="105.7881890">
    <ele>7.9</ele>
   </trkpt>
   <trkpt lat="21.0633010" lon="105.7882020">
    <ele>7.9</ele>
   </trkpt>
   <trkpt lat="21.0633100" lon="105.7882300">
    <ele>7.9</ele>
   </trkpt>
   <trkpt lat="21.0633170" lon="105.7882680">
    <ele>7.9</ele>
   </trkpt>
   <trkpt lat="21.0633190" lon="105.7882810">
    <ele>7.9</ele>
   </trkpt>
   <trkpt lat="21.0633260" lon="105.7883120">
    <ele>7.9</ele>
   </trkpt>
   <trkpt lat="21.0633290" lon="105.7883520">
    <ele>7.9</ele>
   </trkpt>
   <trkpt lat="21.0633270" lon="105.7883670">
    <ele>7.9</ele>
   </trkpt>
   <trkpt lat="21.0633380" lon="105.7884020">
    <ele>7.9</ele>
   </trkpt>
   <trkpt lat="21.0633340" lon="105.7884400">
    <ele>7.9</ele>
   </trkpt>
   <trkpt lat="21.0633350" lon="105.7884550">
    <ele>7.9</ele>
   </trkpt>
   <trkpt lat="21.0633300" lon="105.7884980">
    <ele>7.9</ele>
   </trkpt>
   <trkpt lat="21.0633290" lon="105.7885140">
    <ele>7.9</ele>
   </trkpt>
   <trkpt lat="21.0633220" lon="105.7885440">
    <ele>7.8</ele>
   </trkpt>
   <trkpt lat="21.0633220" lon="105.7885870">
    <ele>7.8</ele>
   </trkpt>
   <trkpt lat="21.0633220" lon="105.7886020">
    <ele>7.8</ele>
   </trkpt>
   <trkpt lat="21.0633200" lon="105.7886410">
    <ele>7.8</ele>
   </trkpt>
   <trkpt lat="21.0633260" lon="105.7886530">
    <ele>7.8</ele>
   </trkpt>
   <trkpt lat="21.0633600" lon="105.7886740">
    <ele>7.8</ele>
   </trkpt>
   <trkpt lat="21.0633730" lon="105.7886780">
    <ele>7.8</ele>
   </trkpt>
   <trkpt lat="21.0634060" lon="105.7886760">
    <ele>7.8</ele>
   </trkpt>
   <trkpt lat="21.0634440" lon="105.7886860">
    <ele>7.8</ele>
   </trkpt>
   <trkpt lat="21.0634560" lon="105.7886870">
    <ele>7.8</ele>
   </trkpt>
   <trkpt lat="21.0634930" lon="105.7886920">
    <ele>7.7</ele>
   </trkpt>
   <trkpt lat="21.0635050" lon="105.7886950">
    <ele>7.7</ele>
   </trkpt>
   <trkpt lat="21.0635370" lon="105.7886970">
    <ele>7.7</ele>
   </trkpt>
   <trkpt lat="21.0635650" lon="105.7887040">
    <ele>7.7</ele>
   </trkpt>
   <trkpt lat="21.0635960" lon="105.7887120">
    <ele>7.7</ele>
   </trkpt>
   <trkpt lat="21.0636250" lon="105.7887220">
    <ele>7.7</ele>
   </trkpt>
   <trkpt lat="21.0636630" lon="105.7887360">
    <ele>7.7</ele>
   </trkpt>
   <trkpt lat="21.0636760" lon="105.7887410">
    <ele>7.7</ele>
   </trkpt>
   <trkpt lat="21.0637140" lon="105.7887620">
    <ele>7.7</ele>
   </trkpt>
   <trkpt lat="21.0637290" lon="105.7887690">
    <ele>7.7</ele>
   </trkpt>
   <trkpt lat="21.0637430" lon="105.7887750">
    <ele>7.7</ele>
   </trkpt>
   <trkpt lat="21.0637750" lon="105.7887890">
    <ele>7.7</ele>
   </trkpt>
   <trkpt lat="21.0637870" lon="105.7887980">
    <ele>7.7</ele>
   </trkpt>
   <trkpt lat="21.0638150" lon="105.7888110">
    <ele>7.7</ele>
   </trkpt>
   <trkpt lat="21.0638400" lon="105.7888220">
    <ele>7.7</ele>
   </trkpt>
   <trkpt lat="21.0638760" lon="105.7888380">
    <ele>7.7</ele>
   </trkpt>
   <trkpt lat="21.0638890" lon="105.7888420">
    <ele>7.7</ele>
   </trkpt>
   <trkpt lat="21.0639290" lon="105.7888570">
    <ele>7.7</ele>
   </trkpt>
   <trkpt lat="21.0639440" lon="105.7888630">
    <ele>7.7</ele>
   </trkpt>
   <trkpt lat="21.0639700" lon="105.7888750">
    <ele>7.7</ele>
   </trkpt>
   <trkpt lat="21.0639980" lon="105.7888800">
    <ele>7.7</ele>
   </trkpt>
   <trkpt lat="21.0640510" lon="105.7889050">
    <ele>7.7</ele>
   </trkpt>
   <trkpt lat="21.0640790" lon="105.7889200">
    <ele>7.7</ele>
   </trkpt>
   <trkpt lat="21.0641050" lon="105.7889320">
    <ele>7.7</ele>
   </trkpt>
   <trkpt lat="21.0641330" lon="105.7889460">
    <ele>7.7</ele>
   </trkpt>
   <trkpt lat="21.0641640" lon="105.7889600">
    <ele>7.7</ele>
   </trkpt>
   <trkpt lat="21.0641770" lon="105.7889680">
    <ele>7.7</ele>
   </trkpt>
   <trkpt lat="21.0642040" lon="105.7889750">
    <ele>7.7</ele>
   </trkpt>
   <trkpt lat="21.0642340" lon="105.7889870">
    <ele>7.7</ele>
   </trkpt>
   <trkpt lat="21.0642690" lon="105.7890010">
    <ele>7.7</ele>
   </trkpt>
   <trkpt lat="21.0642830" lon="105.7890040">
    <ele>7.6</ele>
   </trkpt>
   <trkpt lat="21.0643120" lon="105.7890200">
    <ele>7.6</ele>
   </trkpt>
   <trkpt lat="21.0643240" lon="105.7890240">
    <ele>7.6</ele>
   </trkpt>
   <trkpt lat="21.0643590" lon="105.7890440">
    <ele>7.6</ele>
   </trkpt>
   <trkpt lat="21.0643710" lon="105.7890510">
    <ele>7.6</ele>
   </trkpt>
   <trkpt lat="21.0644050" lon="105.7890630">
    <ele>7.6</ele>
   </trkpt>
   <trkpt lat="21.0644190" lon="105.7890680">
    <ele>7.6</ele>
   </trkpt>
   <trkpt lat="21.0644550" lon="105.7890760">
    <ele>7.6</ele>
   </trkpt>
   <trkpt lat="21.0644670" lon="105.7890800">
    <ele>7.6</ele>
   </trkpt>
   <trkpt lat="21.0645030" lon="105.7890910">
    <ele>7.6</ele>
   </trkpt>
   <trkpt lat="21.0645170" lon="105.7890940">
    <ele>7.6</ele>
   </trkpt>
   <trkpt lat="21.0645460" lon="105.7890960">
    <ele>7.6</ele>
   </trkpt>
   <trkpt lat="21.0645860" lon="105.7891020">
    <ele>7.6</ele>
   </trkpt>
   <trkpt lat="21.0646030" lon="105.7891010">
    <ele>7.6</ele>
   </trkpt>
   <trkpt lat="21.0646350" lon="105.7891040">
    <ele>7.6</ele>
   </trkpt>
   <trkpt lat="21.0646760" lon="105.7891100">
    <ele>7.6</ele>
   </trkpt>
   <trkpt lat="21.0646920" lon="105.7891130">
    <ele>7.7</ele>
   </trkpt>
   <trkpt lat="21.0647230" lon="105.7891090">
    <ele>7.7</ele>
   </trkpt>
   <trkpt lat="21.0647390" lon="105.7891100">
    <ele>7.7</ele>
   </trkpt>
   <trkpt lat="21.0647760" lon="105.7891020">
    <ele>7.7</ele>
   </trkpt>
   <trkpt lat="21.0647910" lon="105.7891010">
    <ele>7.7</ele>
   </trkpt>
   <trkpt lat="21.0648180" lon="105.7891060">
    <ele>7.7</ele>
   </trkpt>
   <trkpt lat="21.0648450" lon="105.7891010">
    <ele>7.7</ele>
   </trkpt>
   <trkpt lat="21.0648870" lon="105.7890930">
    <ele>7.7</ele>
   </trkpt>
   <trkpt lat="21.0649040" lon="105.7890900">
    <ele>7.7</ele>
   </trkpt>
   <trkpt lat="21.0649360" lon="105.7890770">
    <ele>7.6</ele>
   </trkpt>
   <trkpt lat="21.0649470" lon="105.7890740">
    <ele>7.6</ele>
   </trkpt>
   <trkpt lat="21.0649790" lon="105.7890660">
    <ele>7.6</ele>
   </trkpt>
   <trkpt lat="21.0650170" lon="105.7890510">
    <ele>7.6</ele>
   </trkpt>
   <trkpt lat="21.0650320" lon="105.7890460">
    <ele>7.6</ele>
   </trkpt>
   <trkpt lat="21.0650600" lon="105.7890350">
    <ele>7.6</ele>
   </trkpt>
   <trkpt lat="21.0650890" lon="105.7890230">
    <ele>7.6</ele>
   </trkpt>
   <trkpt lat="21.0651140" lon="105.7890100">
    <ele>7.6</ele>
   </trkpt>
   <trkpt lat="21.0651420" lon="105.7889950">
    <ele>7.6</ele>
   </trkpt>
   <trkpt lat="21.0651720" lon="105.7889770">
    <ele>7.6</ele>
   </trkpt>
   <trkpt lat="21.0651830" lon="105.7889710">
    <ele>7.6</ele>
   </trkpt>
   <trkpt lat="21.0652050" lon="105.7889530">
    <ele>7.6</ele>
   </trkpt>
   <trkpt lat="21.0652280" lon="105.7889360">
    <ele>7.7</ele>
   </trkpt>
   <trkpt lat="21.0652510" lon="105.7889140">
    <ele>7.7</ele>
   </trkpt>
   <trkpt lat="21.0652590" lon="105.7889060">
    <ele>7.7</ele>
   </trkpt>
   <trkpt lat="21.0652800" lon="105.7888780">
    <ele>7.7</ele>
   </trkpt>
   <trkpt lat="21.0652860" lon="105.7888660">
    <ele>7.7</ele>
   </trkpt>
   <trkpt lat="21.0653090" lon="105.7888390">
    <ele>7.7</ele>
   </trkpt>
   <trkpt lat="21.0653170" lon="105.7888300">
    <ele>7.7</ele>
   </trkpt>
   <trkpt lat="21.0653480" lon="105.7888020">
    <ele>7.7</ele>
   </trkpt>
   <trkpt lat="21.0653570" lon="105.7887920">
    <ele>7.7</ele>
   </trkpt>
   <trkpt lat="21.0653800" lon="105.7887620">
    <ele>7.7</ele>
   </trkpt>
   <trkpt lat="21.0653880" lon="105.7887500">
    <ele>7.7</ele>
   </trkpt>
   <trkpt lat="21.0654040" lon="105.7887230">
    <ele>7.7</ele>
   </trkpt>
   <trkpt lat="21.0654270" lon="105.7886890">
    <ele>7.7</ele>
   </trkpt>
   <trkpt lat="21.0654340" lon="105.7886760">
    <ele>7.7</ele>
   </trkpt>
   <trkpt lat="21.0654460" lon="105.7886480">
    <ele>7.7</ele>
   </trkpt>
   <trkpt lat="21.0654610" lon="105.7886140">
    <ele>7.7</ele>
   </trkpt>
   <trkpt lat="21.0654650" lon="105.7886020">
    <ele>7.7</ele>
   </trkpt>
   <trkpt lat="21.0654790" lon="105.7885760">
    <ele>7.7</ele>
   </trkpt>
   <trkpt lat="21.0654940" lon="105.7885360">
    <ele>7.8</ele>
   </trkpt>
   <trkpt lat="21.0654960" lon="105.7885220">
    <ele>7.8</ele>
   </trkpt>
   <trkpt lat="21.0655030" lon="105.7884910">
    <ele>7.8</ele>
   </trkpt>
   <trkpt lat="21.0655090" lon="105.7884600">
    <ele>7.8</ele>
   </trkpt>
   <trkpt lat="21.0655140" lon="105.7884280">
    <ele>7.8</ele>
   </trkpt>
   <trkpt lat="21.0655190" lon="105.7883930">
    <ele>7.8</ele>
   </trkpt>
   <trkpt lat="21.0655220" lon="105.7883790">
    <ele>7.8</ele>
   </trkpt>
   <trkpt lat="21.0655300" lon="105.7883480">
    <ele>7.8</ele>
   </trkpt>
   <trkpt lat="21.0655310" lon="105.7883340">
    <ele>7.8</ele>
   </trkpt>
   <trkpt lat="21.0655340" lon="105.7882930">
    <ele>7.8</ele>
   </trkpt>
   <trkpt lat="21.0655350" lon="105.7882790">
    <ele>7.8</ele>
   </trkpt>
   <trkpt lat="21.0655430" lon="105.7882430">
    <ele>7.9</ele>
   </trkpt>
   <trkpt lat="21.0655430" lon="105.7882310">
    <ele>7.9</ele>
   </trkpt>
   <trkpt lat="21.0655440" lon="105.7881980">
    <ele>7.9</ele>
   </trkpt>
   <trkpt lat="21.0655490" lon="105.7881670">
    <ele>7.9</ele>
   </trkpt>
   <trkpt lat="21.0655570" lon="105.7881380">
    <ele>7.9</ele>
   </trkpt>
   <trkpt lat="21.0655720" lon="105.7881010">
    <ele>7.9</ele>
   </trkpt>
   <trkpt lat="21.0655760" lon="105.7880870">
    <ele>7.9</ele>
   </trkpt>
   <trkpt lat="21.0655930" lon="105.7880570">
    <ele>7.9</ele>
   </trkpt>
   <trkpt lat="21.0656050" lon="105.7880180">
    <ele>7.9</ele>
   </trkpt>
   <trkpt lat="21.0656090" lon="105.7880040">
    <ele>7.9</ele>
   </trkpt>
   <trkpt lat="21.0656240" lon="105.7879630">
    <ele>8.0</ele>
   </trkpt>
   <trkpt lat="21.0656310" lon="105.7879470">
    <ele>8.0</ele>
   </trkpt>
   <trkpt lat="21.0656450" lon="105.7879210">
    <ele>8.0</ele>
   </trkpt>
   <trkpt lat="21.0656670" lon="105.7879000">
    <ele>8.0</ele>
   </trkpt>
   <trkpt lat="21.0656910" lon="105.7878700">
    <ele>8.0</ele>
   </trkpt>
   <trkpt lat="21.0656990" lon="105.7878590">
    <ele>8.0</ele>
   </trkpt>
   <trkpt lat="21.0657290" lon="105.7878300">
    <ele>8.0</ele>
   </trkpt>
   <trkpt lat="21.0657410" lon="105.7878210">
    <ele>8.0</ele>
   </trkpt>
   <trkpt lat="21.0657700" lon="105.7877940">
    <ele>8.0</ele>
   </trkpt>
   <trkpt lat="21.0657800" lon="105.7877850">
    <ele>8.0</ele>
   </trkpt>
   <trkpt lat="21.0658100" lon="105.7877540">
    <ele>8.0</ele>
   </trkpt>
   <trkpt lat="21.0658230" lon="105.7877430">
    <ele>8.0</ele>
   </trkpt>
   <trkpt lat="21.0658500" lon="105.7877140">
    <ele>8.0</ele>
   </trkpt>
   <trkpt lat="21.0658610" lon="105.7877040">
    <ele>8.0</ele>
   </trkpt>
   <trkpt lat="21.0658920" lon="105.7876780">
    <ele>8.0</ele>
   </trkpt>
   <trkpt lat="21.0659030" lon="105.7876690">
    <ele>8.0</ele>
   </trkpt>
   <trkpt lat="21.0659300" lon="105.7876400">
    <ele>8.1</ele>
   </trkpt>
   <trkpt lat="21.0659400" lon="105.7876270">
    <ele>8.1</ele>
   </trkpt>
   <trkpt lat="21.0659650" lon="105.7875920">
    <ele>8.1</ele>
   </trkpt>
   <trkpt lat="21.0659760" lon="105.7875810">
    <ele>8.1</ele>
   </trkpt>
   <trkpt lat="21.0659990" lon="105.7875550">
    <ele>8.1</ele>
   </trkpt>
   <trkpt lat="21.0660210" lon="105.7875290">
    <ele>8.1</ele>
   </trkpt>
   <trkpt lat="21.0660370" lon="105.7874950">
    <ele>8.1</ele>
   </trkpt>
   <trkpt lat="21.0660440" lon="105.7874820">
    <ele>8.1</ele>
   </trkpt>
   <trkpt lat="21.0660580" lon="105.7874460">
    <ele>8.1</ele>
   </trkpt>
   <trkpt lat="21.0660600" lon="105.7874310">
    <ele>8.1</ele>
   </trkpt>
   <trkpt lat="21.0660700" lon="105.7874070">
    <ele>8.2</ele>
   </trkpt>
   <trkpt lat="21.0660790" lon="105.7873810">
    <ele>8.2</ele>
   </trkpt>
   <trkpt lat="21.0660990" lon="105.7873370">
    <ele>8.2</ele>
   </trkpt>
   <trkpt lat="21.0661220" lon="105.7872890">
    <ele>8.2</ele>
   </trkpt>
   <trkpt lat="21.0661350" lon="105.7872670">
    <ele>8.2</ele>
   </trkpt>
   <trkpt lat="21.0661520" lon="105.7872430">
    <ele>8.2</ele>
   </trkpt>
   <trkpt lat="21.0661720" lon="105.7872220">
    <ele>8.3</ele>
   </trkpt>
   <trkpt lat="21.0662050" lon="105.7871980">
    <ele>8.3</ele>
   </trkpt>
   <trkpt lat="21.0662170" lon="105.7871910">
    <ele>8.3</ele>
   </trkpt>
   <trkpt lat="21.0662480" lon="105.7871650">
    <ele>8.3</ele>
   </trkpt>
   <trkpt lat="21.0662590" lon="105.7871590">
    <ele>8.3</ele>
   </trkpt>
   <trkpt lat="21.0662940" lon="105.7871460">
    <ele>8.3</ele>
   </trkpt>
   <trkpt lat="21.0663060" lon="105.7871440">
    <ele>8.3</ele>
   </trkpt>
   <trkpt lat="21.0663660" lon="105.7871290">
    <ele>8.3</ele>
   </trkpt>
   <trkpt lat="21.0664030" lon="105.7871180">
    <ele>8.3</ele>
   </trkpt>
   <trkpt lat="21.0664160" lon="105.7871160">
    <ele>8.3</ele>
   </trkpt>
   <trkpt lat="21.0664530" lon="105.7871010">
    <ele>8.3</ele>
   </trkpt>
   <trkpt lat="21.0664660" lon="105.7870980">
    <ele>8.3</ele>
   </trkpt>
   <trkpt lat="21.0665010" lon="105.7870860">
    <ele>8.4</ele>
   </trkpt>
   <trkpt lat="21.0665140" lon="105.7870830">
    <ele>8.4</ele>
   </trkpt>
   <trkpt lat="21.0665460" lon="105.7870670">
    <ele>8.4</ele>
   </trkpt>
   <trkpt lat="21.0665570" lon="105.7870620">
    <ele>8.4</ele>
   </trkpt>
   <trkpt lat="21.0665880" lon="105.7870480">
    <ele>8.4</ele>
   </trkpt>
   <trkpt lat="21.0665960" lon="105.7870420">
    <ele>8.4</ele>
   </trkpt>
   <trkpt lat="21.0666230" lon="105.7870240">
    <ele>8.4</ele>
   </trkpt>
   <trkpt lat="21.0666550" lon="105.7870070">
    <ele>8.4</ele>
   </trkpt>
   <trkpt lat="21.0666660" lon="105.7870020">
    <ele>8.4</ele>
   </trkpt>
   <trkpt lat="21.0666930" lon="105.7869920">
    <ele>8.4</ele>
   </trkpt>
   <trkpt lat="21.0667180" lon="105.7869800">
    <ele>8.4</ele>
   </trkpt>
   <trkpt lat="21.0667480" lon="105.7869740">
    <ele>8.4</ele>
   </trkpt>
   <trkpt lat="21.0667810" lon="105.7869570">
    <ele>8.4</ele>
   </trkpt>
   <trkpt lat="21.0667900" lon="105.7869500">
    <ele>8.4</ele>
   </trkpt>
   <trkpt lat="21.0668140" lon="105.7869250">
    <ele>8.4</ele>
   </trkpt>
   <trkpt lat="21.0668230" lon="105.7869170">
    <ele>8.4</ele>
   </trkpt>
   <trkpt lat="21.0668530" lon="105.7868960">
    <ele>8.4</ele>
   </trkpt>
   <trkpt lat="21.0668650" lon="105.7868860">
    <ele>8.4</ele>
   </trkpt>
   <trkpt lat="21.0668920" lon="105.7868600">
    <ele>8.4</ele>
   </trkpt>
   <trkpt lat="21.0669000" lon="105.7868490">
    <ele>8.4</ele>
   </trkpt>
   <trkpt lat="21.0669310" lon="105.7868260">
    <ele>8.5</ele>
   </trkpt>
   <trkpt lat="21.0669420" lon="105.7868170">
    <ele>8.5</ele>
   </trkpt>
   <trkpt lat="21.0669660" lon="105.7868000">
    <ele>8.5</ele>
   </trkpt>
   <trkpt lat="21.0669990" lon="105.7867790">
    <ele>8.5</ele>
   </trkpt>
   <trkpt lat="21.0670100" lon="105.7867740">
    <ele>8.5</ele>
   </trkpt>
   <trkpt lat="21.0670410" lon="105.7867540">
    <ele>8.5</ele>
   </trkpt>
   <trkpt lat="21.0670520" lon="105.7867490">
    <ele>8.5</ele>
   </trkpt>
   <trkpt lat="21.0670750" lon="105.7867310">
    <ele>8.5</ele>
   </trkpt>
   <trkpt lat="21.0671000" lon="105.7867120">
    <ele>8.5</ele>
   </trkpt>
   <trkpt lat="21.0671180" lon="105.7866840">
    <ele>8.5</ele>
   </trkpt>
   <trkpt lat="21.0671250" lon="105.7866740">
    <ele>8.5</ele>
   </trkpt>
   <trkpt lat="21.0671480" lon="105.7866570">
    <ele>8.5</ele>
   </trkpt>
   <trkpt lat="21.0671700" lon="105.7866370">
    <ele>8.5</ele>
   </trkpt>
   <trkpt lat="21.0671950" lon="105.7866250">
    <ele>8.5</ele>
   </trkpt>
   <trkpt lat="21.0672200" lon="105.7865990">
    <ele>8.5</ele>
   </trkpt>
   <trkpt lat="21.0672270" lon="105.7865900">
    <ele>8.5</ele>
   </trkpt>
   <trkpt lat="21.0672490" lon="105.7865540">
    <ele>8.5</ele>
   </trkpt>
   <trkpt lat="21.0672570" lon="105.7865410">
    <ele>8.5</ele>
   </trkpt>
   <trkpt lat="21.0672820" lon="105.7865120">
    <ele>8.5</ele>
   </trkpt>
   <trkpt lat="21.0672880" lon="105.7865020">
    <ele>8.5</ele>
   </trkpt>
   <trkpt lat="21.0672960" lon="105.7864670">
    <ele>8.5</ele>
   </trkpt>
   <trkpt lat="21.0672970" lon="105.7864540">
    <ele>8.5</ele>
   </trkpt>
   <trkpt lat="21.0672990" lon="105.7864210">
    <ele>8.5</ele>
   </trkpt>
   <trkpt lat="21.0672980" lon="105.7864100">
    <ele>8.5</ele>
   </trkpt>
   <trkpt lat="21.0672850" lon="105.7863740">
    <ele>8.5</ele>
   </trkpt>
   <trkpt lat="21.0672790" lon="105.7863650">
    <ele>8.5</ele>
   </trkpt>
   <trkpt lat="21.0672630" lon="105.7863330">
    <ele>8.5</ele>
   </trkpt>
   <trkpt lat="21.0672550" lon="105.7863220">
    <ele>8.5</ele>
   </trkpt>
   <trkpt lat="21.0672410" lon="105.7862930">
    <ele>8.5</ele>
   </trkpt>
   <trkpt lat="21.0672300" lon="105.7862540">
    <ele>8.5</ele>
   </trkpt>
   <trkpt lat="21.0672270" lon="105.7862410">
    <ele>8.5</ele>
   </trkpt>
   <trkpt lat="21.0672170" lon="105.7862130">
    <ele>8.5</ele>
   </trkpt>
   <trkpt lat="21.0672090" lon="105.7861820">
    <ele>8.5</ele>
   </trkpt>
   <trkpt lat="21.0671880" lon="105.7861560">
    <ele>8.5</ele>
   </trkpt>
   <trkpt lat="21.0671820" lon="105.7861480">
    <ele>8.5</ele>
   </trkpt>
   <trkpt lat="21.0671590" lon="105.7861150">
    <ele>8.5</ele>
   </trkpt>
   <trkpt lat="21.0671520" lon="105.7861020">
    <ele>8.5</ele>
   </trkpt>
   <trkpt lat="21.0671350" lon="105.7860720">
    <ele>8.5</ele>
   </trkpt>
   <trkpt lat="21.0671290" lon="105.7860620">
    <ele>8.5</ele>
   </trkpt>
   <trkpt lat="21.0671070" lon="105.7860340">
    <ele>8.5</ele>
   </trkpt>
   <trkpt lat="21.0671000" lon="105.7860260">
    <ele>8.5</ele>
   </trkpt>
   <trkpt lat="21.0670850" lon="105.7859890">
    <ele>8.5</ele>
   </trkpt>
   <trkpt lat="21.0670800" lon="105.7859740">
    <ele>8.5</ele>
   </trkpt>
   <trkpt lat="21.0670610" lon="105.7859380">
    <ele>8.5</ele>
   </trkpt>
   <trkpt lat="21.0670550" lon="105.7859260">
    <ele>8.5</ele>
   </trkpt>
   <trkpt lat="21.0670410" lon="105.7858890">
    <ele>8.4</ele>
   </trkpt>
   <trkpt lat="21.0670360" lon="105.7858760">
    <ele>8.4</ele>
   </trkpt>
   <trkpt lat="21.0670150" lon="105.7858420">
    <ele>8.4</ele>
   </trkpt>
   <trkpt lat="21.0670080" lon="105.7858290">
    <ele>8.4</ele>
   </trkpt>
   <trkpt lat="21.0669920" lon="105.7858020">
    <ele>8.4</ele>
   </trkpt>
   <trkpt lat="21.0669650" lon="105.7857720">
    <ele>8.4</ele>
   </trkpt>
   <trkpt lat="21.0669550" lon="105.7857640">
    <ele>8.4</ele>
   </trkpt>
   <trkpt lat="21.0669320" lon="105.7857460">
    <ele>8.4</ele>
   </trkpt>
   <trkpt lat="21.0669020" lon="105.7857350">
    <ele>8.3</ele>
   </trkpt>
   <trkpt lat="21.0668730" lon="105.7857280">
    <ele>8.3</ele>
   </trkpt>
   <trkpt lat="21.0668410" lon="105.7857160">
    <ele>8.3</ele>
   </trkpt>
   <trkpt lat="21.0668130" lon="105.7857090">
    <ele>8.3</ele>
   </trkpt>
   <trkpt lat="21.0667830" lon="105.7857010">
    <ele>8.2</ele>
   </trkpt>
   <trkpt lat="21.0667550" lon="105.7857010">
    <ele>8.2</ele>
   </trkpt>
   <trkpt lat="21.0667240" lon="105.7856980">
    <ele>8.2</ele>
   </trkpt>
   <trkpt lat="21.0666960" lon="105.7856960">
    <ele>8.2</ele>
   </trkpt>
   <trkpt lat="21.0666680" lon="105.7856930">
    <ele>8.2</ele>
   </trkpt>
   <trkpt lat="21.0666280" lon="105.7856850">
    <ele>8.1</ele>
   </trkpt>
   <trkpt lat="21.0666120" lon="105.7856840">
    <ele>8.1</ele>
   </trkpt>
   <trkpt lat="21.0665730" lon="105.7856850">
    <ele>8.1</ele>
   </trkpt>
   <trkpt lat="21.0665600" lon="105.7856850">
    <ele>8.1</ele>
   </trkpt>
   <trkpt lat="21.0665290" lon="105.7856790">
    <ele>8.1</ele>
   </trkpt>
   <trkpt lat="21.0664990" lon="105.7856750">
    <ele>8.1</ele>
   </trkpt>
   <trkpt lat="21.0664700" lon="105.7856820">
    <ele>8.1</ele>
   </trkpt>
   <trkpt lat="21.0664330" lon="105.7856770">
    <ele>8.1</ele>
   </trkpt>
   <trkpt lat="21.0663990" lon="105.7856830">
    <ele>8.1</ele>
   </trkpt>
   <trkpt lat="21.0663660" lon="105.7856870">
    <ele>8.1</ele>
   </trkpt>
   <trkpt lat="21.0663320" lon="105.7856850">
    <ele>8.1</ele>
   </trkpt>
   <trkpt lat="21.0662940" lon="105.7856900">
    <ele>8.1</ele>
   </trkpt>
   <trkpt lat="21.0662650" lon="105.7857020">
    <ele>8.0</ele>
   </trkpt>
   <trkpt lat="21.0662340" lon="105.7857230">
    <ele>8.0</ele>
   </trkpt>
   <trkpt lat="21.0662020" lon="105.7857370">
    <ele>8.0</ele>
   </trkpt>
   <trkpt lat="21.0661760" lon="105.7857470">
    <ele>8.0</ele>
   </trkpt>
   <trkpt lat="21.0661420" lon="105.7857730">
    <ele>8.0</ele>
   </trkpt>
   <trkpt lat="21.0661290" lon="105.7857850">
    <ele>8.0</ele>
   </trkpt>
   <trkpt lat="21.0660990" lon="105.7857950">
    <ele>8.1</ele>
   </trkpt>
   <trkpt lat="21.0660700" lon="105.7858050">
    <ele>8.1</ele>
   </trkpt>
   <trkpt lat="21.0660440" lon="105.7858210">
    <ele>8.1</ele>
   </trkpt>
   <trkpt lat="21.0660270" lon="105.7858540">
    <ele>8.1</ele>
   </trkpt>
   <trkpt lat="21.0660040" lon="105.7858710">
    <ele>8.1</ele>
   </trkpt>
   <trkpt lat="21.0659780" lon="105.7858980">
    <ele>8.1</ele>
   </trkpt>
   <trkpt lat="21.0659700" lon="105.7859080">
    <ele>8.1</ele>
   </trkpt>
   <trkpt lat="21.0659500" lon="105.7859320">
    <ele>8.1</ele>
   </trkpt>
   <trkpt lat="21.0659280" lon="105.7859490">
    <ele>8.1</ele>
   </trkpt>
   <trkpt lat="21.0659070" lon="105.7859680">
    <ele>8.1</ele>
   </trkpt>
   <trkpt lat="21.0658870" lon="105.7859900">
    <ele>8.1</ele>
   </trkpt>
   <trkpt lat="21.0658590" lon="105.7860080">
    <ele>8.0</ele>
   </trkpt>
   <trkpt lat="21.0658310" lon="105.7860200">
    <ele>8.0</ele>
   </trkpt>
   <trkpt lat="21.0657960" lon="105.7860400">
    <ele>8.0</ele>
   </trkpt>
   <trkpt lat="21.0657830" lon="105.7860460">
    <ele>8.0</ele>
   </trkpt>
   <trkpt lat="21.0657570" lon="105.7860540">
    <ele>8.0</ele>
   </trkpt>
   <trkpt lat="21.0657210" lon="105.7860560">
    <ele>8.0</ele>
   </trkpt>
   <trkpt lat="21.0657080" lon="105.7860550">
    <ele>8.0</ele>
   </trkpt>
   <trkpt lat="21.0656780" lon="105.7860560">
    <ele>8.0</ele>
   </trkpt>
   <trkpt lat="21.0656500" lon="105.7860540">
    <ele>8.0</ele>
   </trkpt>
   <trkpt lat="21.0656200" lon="105.7860430">
    <ele>8.0</ele>
   </trkpt>
   <trkpt lat="21.0655870" lon="105.7860270">
    <ele>8.0</ele>
   </trkpt>
   <trkpt lat="21.0655760" lon="105.7860210">
    <ele>8.0</ele>
   </trkpt>
   <trkpt lat="21.0655510" lon="105.7859980">
    <ele>8.0</ele>
   </trkpt>
   <trkpt lat="21.0655400" lon="105.7859930">
    <ele>8.0</ele>
   </trkpt>
   <trkpt lat="21.0655120" lon="105.7859700">
    <ele>8.0</ele>
   </trkpt>
   <trkpt lat="21.0654930" lon="105.7859420">
    <ele>8.0</ele>
   </trkpt>
   <trkpt lat="21.0654750" lon="105.7859080">
    <ele>8.0</ele>
   </trkpt>
   <trkpt lat="21.0654570" lon="105.7858790">
    <ele>8.0</ele>
   </trkpt>
   <trkpt lat="21.0654390" lon="105.7858520">
    <ele>8.0</ele>
   </trkpt>
   <trkpt lat="21.0654300" lon="105.7858370">
    <ele>8.0</ele>
   </trkpt>
   <trkpt lat="21.0654050" lon="105.7858100">
    <ele>8.0</ele>
   </trkpt>
   <trkpt lat="21.0653970" lon="105.7858010">
    <ele>8.0</ele>
   </trkpt>
   <trkpt lat="21.0653820" lon="105.7857760">
    <ele>8.0</ele>
   </trkpt>
   <trkpt lat="21.0653620" lon="105.7857520">
    <ele>8.0</ele>
   </trkpt>
   <trkpt lat="21.0653390" lon="105.7857260">
    <ele>8.0</ele>
   </trkpt>
   <trkpt lat="21.0653310" lon="105.7857200">
    <ele>8.0</ele>
   </trkpt>
   <trkpt lat="21.0653100" lon="105.7856860">
    <ele>8.0</ele>
   </trkpt>
   <trkpt lat="21.0652980" lon="105.7856780">
    <ele>8.0</ele>
   </trkpt>
   <trkpt lat="21.0652800" lon="105.7856460">
    <ele>8.0</ele>
   </trkpt>
   <trkpt lat="21.0652650" lon="105.7856190">
    <ele>8.0</ele>
   </trkpt>
   <trkpt lat="21.0652470" lon="105.7855940">
    <ele>8.0</ele>
   </trkpt>
   <trkpt lat="21.0652270" lon="105.7855730">
    <ele>8.0</ele>
   </trkpt>
   <trkpt lat="21.0652070" lon="105.7855520">
    <ele>8.0</ele>
   </trkpt>
   <trkpt lat="21.0651850" lon="105.7855340">
    <ele>8.0</ele>
   </trkpt>
   <trkpt lat="21.0651550" lon="105.7855110">
    <ele>8.0</ele>
   </trkpt>
   <trkpt lat="21.0651440" lon="105.7855020">
    <ele>8.0</ele>
   </trkpt>
   <trkpt lat="21.0651230" lon="105.7854820">
    <ele>8.0</ele>
   </trkpt>
   <trkpt lat="21.0650910" lon="105.7854650">
    <ele>7.9</ele>
   </trkpt>
   <trkpt lat="21.0650790" lon="105.7854600">
    <ele>7.9</ele>
   </trkpt>
   <trkpt lat="21.0650480" lon="105.7854350">
    <ele>7.9</ele>
   </trkpt>
   <trkpt lat="21.0650370" lon="105.7854280">
    <ele>7.9</ele>
   </trkpt>
   <trkpt lat="21.0650120" lon="105.7854090">
    <ele>7.9</ele>
   </trkpt>
   <trkpt lat="21.0649880" lon="105.7853960">
    <ele>7.9</ele>
   </trkpt>
   <trkpt lat="21.0649630" lon="105.7853830">
    <ele>7.9</ele>
   </trkpt>
   <trkpt lat="21.0649290" lon="105.7853640">
    <ele>7.9</ele>
   </trkpt>
   <trkpt lat="21.0649180" lon="105.7853560">
    <ele>7.9</ele>
   </trkpt>
   <trkpt lat="21.0648840" lon="105.7853360">
    <ele>7.9</ele>
   </trkpt>
   <trkpt lat="21.0648730" lon="105.7853290">
    <ele>7.9</ele>
   </trkpt>
   <trkpt lat="21.0648430" lon="105.7853260">
    <ele>7.9</ele>
   </trkpt>
   <trkpt lat="21.0648150" lon="105.7853110">
    <ele>7.9</ele>
   </trkpt>
   <trkpt lat="21.0647820" lon="105.7853110">
    <ele>7.9</ele>
   </trkpt>
   <trkpt lat="21.0647400" lon="105.7853100">
    <ele>7.9</ele>
   </trkpt>
   <trkpt lat="21.0647220" lon="105.7853080">
    <ele>7.9</ele>
   </trkpt>
   <trkpt lat="21.0646940" lon="105.7853080">
    <ele>7.9</ele>
   </trkpt>
   <trkpt lat="21.0646670" lon="105.7852980">
    <ele>7.9</ele>
   </trkpt>
   <trkpt lat="21.0646350" lon="105.7852910">
    <ele>7.9</ele>
   </trkpt>
   <trkpt lat="21.0646030" lon="105.7852840">
    <ele>7.9</ele>
   </trkpt>
   <trkpt lat="21.0645750" lon="105.7852860">
    <ele>7.9</ele>
   </trkpt>
   <trkpt lat="21.0645410" lon="105.7852880">
    <ele>7.9</ele>
   </trkpt>
   <trkpt lat="21.0645090" lon="105.7852890">
    <ele>7.9</ele>
   </trkpt>
   <trkpt lat="21.0644770" lon="105.7852900">
    <ele>7.8</ele>
   </trkpt>
   <trkpt lat="21.0644370" lon="105.7852920">
    <ele>7.8</ele>
   </trkpt>
   <trkpt lat="21.0644220" lon="105.7852920">
    <ele>7.8</ele>
   </trkpt>
   <trkpt lat="21.0643920" lon="105.7852930">
    <ele>7.8</ele>
   </trkpt>
   <trkpt lat="21.0643590" lon="105.7852900">
    <ele>7.8</ele>
   </trkpt>
   <trkpt lat="21.0643200" lon="105.7853000">
    <ele>7.8</ele>
   </trkpt>
   <trkpt lat="21.0643070" lon="105.7853040">
    <ele>7.8</ele>
   </trkpt>
   <trkpt lat="21.0642740" lon="105.7853140">
    <ele>7.8</ele>
   </trkpt>
   <trkpt lat="21.0642440" lon="105.7853240">
    <ele>7.8</ele>
   </trkpt>
   <trkpt lat="21.0642130" lon="105.7853260">
    <ele>7.8</ele>
   </trkpt>
   <trkpt lat="21.0641810" lon="105.7853340">
    <ele>7.8</ele>
   </trkpt>
   <trkpt lat="21.0641490" lon="105.7853480">
    <ele>7.8</ele>
   </trkpt>
   <trkpt lat="21.0641230" lon="105.7853620">
    <ele>7.8</ele>
   </trkpt>
   <trkpt lat="21.0640910" lon="105.7853800">
    <ele>7.8</ele>
   </trkpt>
   <trkpt lat="21.0640580" lon="105.7854020">
    <ele>7.8</ele>
   </trkpt>
   <trkpt lat="21.0640210" lon="105.7854130">
    <ele>7.8</ele>
   </trkpt>
   <trkpt lat="21.0640090" lon="105.7854160">
    <ele>7.8</ele>
   </trkpt>
   <trkpt lat="21.0639840" lon="105.7854340">
    <ele>7.8</ele>
   </trkpt>
   <trkpt lat="21.0639600" lon="105.7854510">
    <ele>7.8</ele>
   </trkpt>
   <trkpt lat="21.0639370" lon="105.7854670">
    <ele>7.7</ele>
   </trkpt>
   <trkpt lat="21.0639150" lon="105.7854840">
    <ele>7.7</ele>
   </trkpt>
   <trkpt lat="21.0638920" lon="105.7855000">
    <ele>7.7</ele>
   </trkpt>
   <trkpt lat="21.0638700" lon="105.7855220">
    <ele>7.7</ele>
   </trkpt>
   <trkpt lat="21.0638390" lon="105.7855450">
    <ele>7.7</ele>
   </trkpt>
   <trkpt lat="21.0638290" lon="105.7855540">
    <ele>7.7</ele>
   </trkpt>
   <trkpt lat="21.0638010" lon="105.7855820">
    <ele>7.7</ele>
   </trkpt>
   <trkpt lat="21.0637910" lon="105.7855910">
    <ele>7.7</ele>
   </trkpt>
   <trkpt lat="21.0637690" lon="105.7856070">
    <ele>7.7</ele>
   </trkpt>
   <trkpt lat="21.0637450" lon="105.7856380">
    <ele>7.7</ele>
   </trkpt>
   <trkpt lat="21.0637390" lon="105.7856490">
    <ele>7.7</ele>
   </trkpt>
   <trkpt lat="21.0637140" lon="105.7856700">
    <ele>7.7</ele>
   </trkpt>
   <trkpt lat="21.0636970" lon="105.7857000">
    <ele>7.7</ele>
   </trkpt>
   <trkpt lat="21.0636810" lon="105.7857360">
    <ele>7.7</ele>
   </trkpt>
   <trkpt lat="21.0636700" lon="105.7857670">
    <ele>7.7</ele>
   </trkpt>
   <trkpt lat="21.0636580" lon="105.7858040">
    <ele>7.7</ele>
   </trkpt>
   <trkpt lat="21.0636470" lon="105.7858310">
    <ele>7.7</ele>
   </trkpt>
   <trkpt lat="21.0636420" lon="105.7858660">
    <ele>7.7</ele>
   </trkpt>
   <trkpt lat="21.0636460" lon="105.7858760">
    <ele>7.7</ele>
   </trkpt>
   <trkpt lat="21.0636220" lon="105.7859130">
    <ele>7.7</ele>
   </trkpt>
   <trkpt lat="21.0636130" lon="105.7859260">
    <ele>7.7</ele>
   </trkpt>
   <trkpt lat="21.0635960" lon="105.7859590">
    <ele>7.7</ele>
   </trkpt>
   <trkpt lat="21.0635910" lon="105.7859720">
    <ele>7.7</ele>
   </trkpt>
   <trkpt lat="21.0635840" lon="105.7860000">
    <ele>7.7</ele>
   </trkpt>
   <trkpt lat="21.0635740" lon="105.7860360">
    <ele>7.7</ele>
   </trkpt>
   <trkpt lat="21.0635710" lon="105.7860500">
    <ele>7.7</ele>
   </trkpt>
   <trkpt lat="21.0635700" lon="105.7860890">
    <ele>7.7</ele>
   </trkpt>
   <trkpt lat="21.0635660" lon="105.7861050">
    <ele>7.7</ele>
   </trkpt>
   <trkpt lat="21.0635650" lon="105.7861350">
    <ele>7.7</ele>
   </trkpt>
   <trkpt lat="21.0635630" lon="105.7861660">
    <ele>7.8</ele>
   </trkpt>
   <trkpt lat="21.0635680" lon="105.7861970">
    <ele>7.8</ele>
   </trkpt>
   <trkpt lat="21.0635690" lon="105.7862400">
    <ele>7.8</ele>
   </trkpt>
   <trkpt lat="21.0635720" lon="105.7862580">
    <ele>7.8</ele>
   </trkpt>
   <trkpt lat="21.0635640" lon="105.7862870">
    <ele>7.8</ele>
   </trkpt>
   <trkpt lat="21.0635670" lon="105.7863290">
    <ele>7.8</ele>
   </trkpt>
   <trkpt lat="21.0635660" lon="105.7863470">
    <ele>7.8</ele>
   </trkpt>
   <trkpt lat="21.0635680" lon="105.7863780">
    <ele>7.8</ele>
   </trkpt>
   <trkpt lat="21.0635620" lon="105.7864070">
    <ele>7.8</ele>
   </trkpt>
   <trkpt lat="21.0635620" lon="105.7864360">
    <ele>7.9</ele>
   </trkpt>
   <trkpt lat="21.0635620" lon="105.7864800">
    <ele>7.9</ele>
   </trkpt>
   <trkpt lat="21.0635620" lon="105.7864950">
    <ele>7.9</ele>
   </trkpt>
   <trkpt lat="21.0635620" lon="105.7865230">
    <ele>7.9</ele>
   </trkpt>
   <trkpt lat="21.0635550" lon="105.7865520">
    <ele>7.9</ele>
   </trkpt>
   <trkpt lat="21.0635510" lon="105.7865830">
    <ele>7.9</ele>
   </trkpt>
   <trkpt lat="21.0635360" lon="105.7866230">
    <ele>7.9</ele>
   </trkpt>
   <trkpt lat="21.0635300" lon="105.7866390">
    <ele>7.9</ele>
   </trkpt>
   <trkpt lat="21.0635120" lon="105.7866780">
    <ele>7.9</ele>
   </trkpt>
   <trkpt lat="21.0635050" lon="105.7866910">
    <ele>7.9</ele>
   </trkpt>
   <trkpt lat="21.0634870" lon="105.7867310">
    <ele>7.9</ele>
   </trkpt>
   <trkpt lat="21.0634800" lon="105.7867450">
    <ele>7.9</ele>
   </trkpt>
   <trkpt lat="21.0634660" lon="105.7867800">
    <ele>7.9</ele>
   </trkpt>
   <trkpt lat="21.0634520" lon="105.7868110">
    <ele>7.9</ele>
   </trkpt>
   <trkpt lat="21.0634340" lon="105.7868330">
    <ele>7.9</ele>
   </trkpt>
   <trkpt lat="21.0634160" lon="105.7868610">
    <ele>7.9</ele>
   </trkpt>
   <trkpt lat="21.0633990" lon="105.7868870">
    <ele>7.9</ele>
   </trkpt>
   <trkpt lat="21.0633830" lon="105.7869220">
    <ele>7.9</ele>
   </trkpt>
   <trkpt lat="21.0633690" lon="105.7869530">
    <ele>7.9</ele>
   </trkpt>
   <trkpt lat="21.0633360" lon="105.7869980">
    <ele>7.9</ele>
   </trkpt>
   <trkpt lat="21.0633210" lon="105.7870200">
    <ele>7.9</ele>
   </trkpt>
   <trkpt lat="21.0633090" lon="105.7870550">
    <ele>7.9</ele>
   </trkpt>
   <trkpt lat="21.0632940" lon="105.7870840">
    <ele>7.9</ele>
   </trkpt>
   <trkpt lat="21.0632800" lon="105.7871200">
    <ele>7.9</ele>
   </trkpt>
   <trkpt lat="21.0632670" lon="105.7871490">
    <ele>7.9</ele>
   </trkpt>
   <trkpt lat="21.0632520" lon="105.7871860">
    <ele>7.9</ele>
   </trkpt>
   <trkpt lat="21.0632460" lon="105.7871990">
    <ele>7.9</ele>
   </trkpt>
   <trkpt lat="21.0632310" lon="105.7872290">
    <ele>7.9</ele>
   </trkpt>
   <trkpt lat="21.0632220" lon="105.7872350">
    <ele>7.9</ele>
   </trkpt>
   <trkpt lat="21.0632170" lon="105.7872770">
    <ele>7.9</ele>
   </trkpt>
   <trkpt lat="21.0632110" lon="105.7872950">
    <ele>7.9</ele>
   </trkpt>
   <trkpt lat="21.0632050" lon="105.7873370">
    <ele>7.9</ele>
   </trkpt>
   <trkpt lat="21.0632020" lon="105.7873520">
    <ele>7.9</ele>
   </trkpt>
   <trkpt lat="21.0631940" lon="105.7873920">
    <ele>7.9</ele>
   </trkpt>
   <trkpt lat="21.0631910" lon="105.7874040">
    <ele>7.9</ele>
   </trkpt>
   <trkpt lat="21.0631810" lon="105.7874360">
    <ele>7.9</ele>
   </trkpt>
   <trkpt lat="21.0631810" lon="105.7874670">
    <ele>7.9</ele>
   </trkpt>
   <trkpt lat="21.0631800" lon="105.7874990">
    <ele>7.9</ele>
   </trkpt>
   <trkpt lat="21.0631750" lon="105.7875320">
    <ele>7.9</ele>
   </trkpt>
   <trkpt lat="21.0631700" lon="105.7875630">
    <ele>7.9</ele>
   </trkpt>
   <trkpt lat="21.0631770" lon="105.7876030">
    <ele>7.9</ele>
   </trkpt>
   <trkpt lat="21.0631790" lon="105.7876160">
    <ele>7.9</ele>
   </trkpt>
   <trkpt lat="21.0631730" lon="105.7876460">
    <ele>7.9</ele>
   </trkpt>
   <trkpt lat="21.0631780" lon="105.7876750">
    <ele>7.9</ele>
   </trkpt>
   <trkpt lat="21.0631820" lon="105.7877050">
    <ele>7.9</ele>
   </trkpt>
   <trkpt lat="21.0631820" lon="105.7877470">
    <ele>7.9</ele>
   </trkpt>
   <trkpt lat="21.0631800" lon="105.7877600">
    <ele>7.9</ele>
   </trkpt>
   <trkpt lat="21.0631760" lon="105.7877900">
    <ele>7.9</ele>
   </trkpt>
   <trkpt lat="21.0631660" lon="105.7878180">
    <ele>7.9</ele>
   </trkpt>
   <trkpt lat="21.0631640" lon="105.7878520">
    <ele>8.0</ele>
   </trkpt>
   <trkpt lat="21.0631770" lon="105.7878850">
    <ele>8.0</ele>
   </trkpt>
   <trkpt lat="21.0631890" lon="105.7879120">
    <ele>8.0</ele>
   </trkpt>
   <trkpt lat="21.0632000" lon="105.7879390">
    <ele>8.0</ele>
   </trkpt>
   <trkpt lat="21.0632150" lon="105.7879650">
    <ele>8.0</ele>
   </trkpt>
   <trkpt lat="21.0632290" lon="105.7879960">
    <ele>8.0</ele>
   </trkpt>
   <trkpt lat="21.0632420" lon="105.7880280">
    <ele>8.0</ele>
   </trkpt>
   <trkpt lat="21.0632520" lon="105.7880690">
    <ele>7.9</ele>
   </trkpt>
   <trkpt lat="21.0632560" lon="105.7880840">
    <ele>7.9</ele>
   </trkpt>
   <trkpt lat="21.0632610" lon="105.7881160">
    <ele>7.9</ele>
   </trkpt>
   <trkpt lat="21.0632630" lon="105.7881310">
    <ele>7.9</ele>
   </trkpt>
   <trkpt lat="21.0632780" lon="105.7881680">
    <ele>7.9</ele>
   </trkpt>
   <trkpt lat="21.0632830" lon="105.7881810">
    <ele>7.9</ele>
   </trkpt>
   <trkpt lat="21.0632990" lon="105.7882230">
    <ele>7.9</ele>
   </trkpt>
   <trkpt lat="21.0633050" lon="105.7882390">
    <ele>7.9</ele>
   </trkpt>
   <trkpt lat="21.0633120" lon="105.7882690">
    <ele>7.9</ele>
   </trkpt>
   <trkpt lat="21.0633190" lon="105.7883080">
    <ele>7.9</ele>
   </trkpt>
   <trkpt lat="21.0633220" lon="105.7883220">
    <ele>7.9</ele>
   </trkpt>
   <trkpt lat="21.0633240" lon="105.7883550">
    <ele>7.9</ele>
   </trkpt>
   <trkpt lat="21.0633280" lon="105.7883860">
    <ele>7.9</ele>
   </trkpt>
   <trkpt lat="21.0633350" lon="105.7884140">
    <ele>7.9</ele>
   </trkpt>
   <trkpt lat="21.0633350" lon="105.7884560">
    <ele>7.9</ele>
   </trkpt>
   <trkpt lat="21.0633340" lon="105.7884730">
    <ele>7.9</ele>
   </trkpt>
   <trkpt lat="21.0633330" lon="105.7885140">
    <ele>7.9</ele>
   </trkpt>
   <trkpt lat="21.0633280" lon="105.7885290">
    <ele>7.8</ele>
   </trkpt>
   <trkpt lat="21.0633240" lon="105.7885630">
    <ele>7.8</ele>
   </trkpt>
   <trkpt lat="21.0633220" lon="105.7885990">
    <ele>7.8</ele>
   </trkpt>
   <trkpt lat="21.0633230" lon="105.7886320">
    <ele>7.8</ele>
   </trkpt>
   <trkpt lat="21.0633450" lon="105.7886530">
    <ele>7.8</ele>
   </trkpt>
   <trkpt lat="21.0633840" lon="105.7886630">
    <ele>7.8</ele>
   </trkpt>
   <trkpt lat="21.0634180" lon="105.7886690">
    <ele>7.8</ele>
   </trkpt>
   <trkpt lat="21.0634550" lon="105.7886810">
    <ele>7.8</ele>
   </trkpt>
   <trkpt lat="21.0634670" lon="105.7886860">
    <ele>7.7</ele>
   </trkpt>
   <trkpt lat="21.0634990" lon="105.7886920">
    <ele>7.7</ele>
   </trkpt>
   <trkpt lat="21.0635260" lon="105.7886970">
    <ele>7.7</ele>
   </trkpt>
   <trkpt lat="21.0635660" lon="105.7886990">
    <ele>7.7</ele>
   </trkpt>
   <trkpt lat="21.0635790" lon="105.7887020">
    <ele>7.7</ele>
   </trkpt>
   <trkpt lat="21.0636090" lon="105.7887020">
    <ele>7.7</ele>
   </trkpt>
   <trkpt lat="21.0636400" lon="105.7887100">
    <ele>7.7</ele>
   </trkpt>
   <trkpt lat="21.0636770" lon="105.7887260">
    <ele>7.7</ele>
   </trkpt>
   <trkpt lat="21.0636890" lon="105.7887330">
    <ele>7.7</ele>
   </trkpt>
   <trkpt lat="21.0637160" lon="105.7887500">
    <ele>7.7</ele>
   </trkpt>
   <trkpt lat="21.0637440" lon="105.7887650">
    <ele>7.7</ele>
   </trkpt>
   <trkpt lat="21.0637710" lon="105.7887770">
    <ele>7.7</ele>
   </trkpt>
   <trkpt lat="21.0638010" lon="105.7887920">
    <ele>7.7</ele>
   </trkpt>
   <trkpt lat="21.0638300" lon="105.7888070">
    <ele>7.7</ele>
   </trkpt>
   <trkpt lat="21.0638570" lon="105.7888190">
    <ele>7.7</ele>
   </trkpt>
   <trkpt lat="21.0638900" lon="105.7888340">
    <ele>7.7</ele>
   </trkpt>
   <trkpt lat="21.0639210" lon="105.7888470">
    <ele>7.7</ele>
   </trkpt>
   <trkpt lat="21.0639480" lon="105.7888620">
    <ele>7.7</ele>
   </trkpt>
   <trkpt lat="21.0639740" lon="105.7888730">
    <ele>7.7</ele>
   </trkpt>
   <trkpt lat="21.0640000" lon="105.7888830">
    <ele>7.7</ele>
   </trkpt>
   <trkpt lat="21.0640370" lon="105.7888950">
    <ele>7.7</ele>
   </trkpt>
   <trkpt lat="21.0640520" lon="105.7889000">
    <ele>7.7</ele>
   </trkpt>
   <trkpt lat="21.0640790" lon="105.7889090">
    <ele>7.7</ele>
   </trkpt>
   <trkpt lat="21.0641000" lon="105.7889280">
    <ele>7.7</ele>
   </trkpt>
   <trkpt lat="21.0641100" lon="105.7889340">
    <ele>7.7</ele>
   </trkpt>
   <trkpt lat="21.0641380" lon="105.7889460">
    <ele>7.7</ele>
   </trkpt>
   <trkpt lat="21.0641780" lon="105.7889600">
    <ele>7.7</ele>
   </trkpt>
   <trkpt lat="21.0641950" lon="105.7889670">
    <ele>7.7</ele>
   </trkpt>
   <trkpt lat="21.0642320" lon="105.7889770">
    <ele>7.7</ele>
   </trkpt>
   <trkpt lat="21.0642440" lon="105.7889760">
    <ele>7.7</ele>
   </trkpt>
   <trkpt lat="21.0642700" lon="105.7889880">
    <ele>7.7</ele>
   </trkpt>
   <trkpt lat="21.0643000" lon="105.7890000">
    <ele>7.6</ele>
   </trkpt>
   <trkpt lat="21.0643300" lon="105.7890120">
    <ele>7.6</ele>
   </trkpt>
   <trkpt lat="21.0643550" lon="105.7890240">
    <ele>7.6</ele>
   </trkpt>
   <trkpt lat="21.0643830" lon="105.7890380">
    <ele>7.6</ele>
   </trkpt>
   <trkpt lat="21.0644170" lon="105.7890510">
    <ele>7.6</ele>
   </trkpt>
   <trkpt lat="21.0644270" lon="105.7890560">
    <ele>7.6</ele>
   </trkpt>
   <trkpt lat="21.0644560" lon="105.7890700">
    <ele>7.6</ele>
   </trkpt>
   <trkpt lat="21.0644840" lon="105.7890770">
    <ele>7.6</ele>
   </trkpt>
   <trkpt lat="21.0645130" lon="105.7890840">
    <ele>7.6</ele>
   </trkpt>
   <trkpt lat="21.0645460" lon="105.7890890">
    <ele>7.6</ele>
   </trkpt>
   <trkpt lat="21.0645750" lon="105.7890920">
    <ele>7.6</ele>
   </trkpt>
   <trkpt lat="21.0646070" lon="105.7890900">
    <ele>7.6</ele>
   </trkpt>
   <trkpt lat="21.0646360" lon="105.7890980">
    <ele>7.6</ele>
   </trkpt>
   <trkpt lat="21.0646660" lon="105.7890970">
    <ele>7.6</ele>
   </trkpt>
   <trkpt lat="21.0646940" lon="105.7890930">
    <ele>7.7</ele>
   </trkpt>
   <trkpt lat="21.0647260" lon="105.7890920">
    <ele>7.7</ele>
   </trkpt>
   <trkpt lat="21.0647590" lon="105.7890880">
    <ele>7.7</ele>
   </trkpt>
   <trkpt lat="21.0647970" lon="105.7890920">
    <ele>7.7</ele>
   </trkpt>
   <trkpt lat="21.0648090" lon="105.7890920">
    <ele>7.7</ele>
   </trkpt>
   <trkpt lat="21.0648510" lon="105.7890840">
    <ele>7.7</ele>
   </trkpt>
   <trkpt lat="21.0648660" lon="105.7890820">
    <ele>7.7</ele>
   </trkpt>
   <trkpt lat="21.0649060" lon="105.7890710">
    <ele>7.7</ele>
   </trkpt>
   <trkpt lat="21.0649210" lon="105.7890680">
    <ele>7.6</ele>
   </trkpt>
   <trkpt lat="21.0649600" lon="105.7890560">
    <ele>7.6</ele>
   </trkpt>
   <trkpt lat="21.0649730" lon="105.7890520">
    <ele>7.6</ele>
   </trkpt>
   <trkpt lat="21.0650130" lon="105.7890370">
    <ele>7.6</ele>
   </trkpt>
   <trkpt lat="21.0650290" lon="105.7890320">
    <ele>7.6</ele>
   </trkpt>
   <trkpt lat="21.0650580" lon="105.7890260">
    <ele>7.6</ele>
   </trkpt>
   <trkpt lat="21.0650890" lon="105.7890150">
    <ele>7.6</ele>
   </trkpt>
   <trkpt lat="21.0651190" lon="105.7889940">
    <ele>7.6</ele>
   </trkpt>
   <trkpt lat="21.0651500" lon="105.7889810">
    <ele>7.6</ele>
   </trkpt>
   <trkpt lat="21.0652020" lon="105.7889470">
    <ele>7.6</ele>
   </trkpt>
   <trkpt lat="21.0652270" lon="105.7889320">
    <ele>7.7</ele>
   </trkpt>
   <trkpt lat="21.0652490" lon="105.7889130">
    <ele>7.7</ele>
   </trkpt>
   <trkpt lat="21.0652770" lon="105.7888920">
    <ele>7.7</ele>
   </trkpt>
   <trkpt lat="21.0653060" lon="105.7888640">
    <ele>7.7</ele>
   </trkpt>
   <trkpt lat="21.0653150" lon="105.7888530">
    <ele>7.7</ele>
   </trkpt>
   <trkpt lat="21.0653360" lon="105.7888290">
    <ele>7.7</ele>
   </trkpt>
   <trkpt lat="21.0653500" lon="105.7888040">
    <ele>7.7</ele>
   </trkpt>
   <trkpt lat="21.0653790" lon="105.7887680">
    <ele>7.7</ele>
   </trkpt>
   <trkpt lat="21.0653910" lon="105.7887530">
    <ele>7.7</ele>
   </trkpt>
   <trkpt lat="21.0654100" lon="105.7887190">
    <ele>7.7</ele>
   </trkpt>
   <trkpt lat="21.0654160" lon="105.7887050">
    <ele>7.7</ele>
   </trkpt>
   <trkpt lat="21.0654300" lon="105.7886790">
    <ele>7.7</ele>
   </trkpt>
   <trkpt lat="21.0654460" lon="105.7886450">
    <ele>7.7</ele>
   </trkpt>
   <trkpt lat="21.0654540" lon="105.7886310">
    <ele>7.7</ele>
   </trkpt>
   <trkpt lat="21.0654610" lon="105.7886000">
    <ele>7.7</ele>
   </trkpt>
   <trkpt lat="21.0654700" lon="105.7885680">
    <ele>7.8</ele>
   </trkpt>
   <trkpt lat="21.0654810" lon="105.7885410">
    <ele>7.8</ele>
   </trkpt>
   <trkpt lat="21.0654970" lon="105.7885170">
    <ele>7.8</ele>
   </trkpt>
   <trkpt lat="21.0655050" lon="105.7884820">
    <ele>7.8</ele>
   </trkpt>
   <trkpt lat="21.0655080" lon="105.7884670">
    <ele>7.8</ele>
   </trkpt>
   <trkpt lat="21.0655160" lon="105.7884380">
    <ele>7.8</ele>
   </trkpt>
   <trkpt lat="21.0655280" lon="105.7884070">
    <ele>7.8</ele>
   </trkpt>
   <trkpt lat="21.0655280" lon="105.7883670">
    <ele>7.8</ele>
   </trkpt>
   <trkpt lat="21.0655300" lon="105.7883520">
    <ele>7.8</ele>
   </trkpt>
   <trkpt lat="21.0655400" lon="105.7883140">
    <ele>7.8</ele>
   </trkpt>
   <trkpt lat="21.0655410" lon="105.7882980">
    <ele>7.8</ele>
   </trkpt>
   <trkpt lat="21.0655370" lon="105.7882690">
    <ele>7.8</ele>
   </trkpt>
   <trkpt lat="21.0655460" lon="105.7882290">
    <ele>7.9</ele>
   </trkpt>
   <trkpt lat="21.0655480" lon="105.7882130">
    <ele>7.9</ele>
   </trkpt>
   <trkpt lat="21.0655500" lon="105.7881790">
    <ele>7.9</ele>
   </trkpt>
   <trkpt lat="21.0655610" lon="105.7881510">
    <ele>7.9</ele>
   </trkpt>
   <trkpt lat="21.0655610" lon="105.7881220">
    <ele>7.9</ele>
   </trkpt>
   <trkpt lat="21.0655730" lon="105.7880820">
    <ele>7.9</ele>
   </trkpt>
   <trkpt lat="21.0655750" lon="105.7880690">
    <ele>7.9</ele>
   </trkpt>
   <trkpt lat="21.0655910" lon="105.7880310">
    <ele>7.9</ele>
   </trkpt>
   <trkpt lat="21.0655970" lon="105.7880180">
    <ele>7.9</ele>
   </trkpt>
   <trkpt lat="21.0656110" lon="105.7879840">
    <ele>8.0</ele>
   </trkpt>
   <trkpt lat="21.0656160" lon="105.7879710">
    <ele>8.0</ele>
   </trkpt>
   <trkpt lat="21.0656310" lon="105.7879380">
    <ele>8.0</ele>
   </trkpt>
   <trkpt lat="21.0656340" lon="105.7879280">
    <ele>8.0</ele>
   </trkpt>
   <trkpt lat="21.0656500" lon="105.7879040">
    <ele>8.0</ele>
   </trkpt>
   <trkpt lat="21.0656790" lon="105.7878780">
    <ele>8.0</ele>
   </trkpt>
   <trkpt lat="21.0656880" lon="105.7878680">
    <ele>8.0</ele>
   </trkpt>
   <trkpt lat="21.0657050" lon="105.7878410">
    <ele>8.0</ele>
   </trkpt>
   <trkpt lat="21.0657120" lon="105.7878320">
    <ele>8.0</ele>
   </trkpt>
   <trkpt lat="21.0657320" lon="105.7878130">
    <ele>8.0</ele>
   </trkpt>
   <trkpt lat="21.0657510" lon="105.7877870">
    <ele>8.0</ele>
   </trkpt>
   <trkpt lat="21.0657780" lon="105.7877550">
    <ele>8.0</ele>
   </trkpt>
   <trkpt lat="21.0657860" lon="105.7877440">
    <ele>8.0</ele>
   </trkpt>
   <trkpt lat="21.0658140" lon="105.7877290">
    <ele>8.0</ele>
   </trkpt>
   <trkpt lat="21.0658430" lon="105.7877040">
    <ele>8.0</ele>
   </trkpt>
   <trkpt lat="21.0658500" lon="105.7876940">
    <ele>8.0</ele>
   </trkpt>
   <trkpt lat="21.0658740" lon="105.7876750">
    <ele>8.0</ele>
   </trkpt>
   <trkpt lat="21.0658930" lon="105.7876540">
    <ele>8.0</ele>
   </trkpt>
   <trkpt lat="21.0659250" lon="105.7876270">
    <ele>8.1</ele>
   </trkpt>
   <trkpt lat="21.0659350" lon="105.7876170">
    <ele>8.1</ele>
   </trkpt>
   <trkpt lat="21.0659600" lon="105.7875900">
    <ele>8.1</ele>
   </trkpt>
   <trkpt lat="21.0659640" lon="105.7875790">
    <ele>8.1</ele>
   </trkpt>
   <trkpt lat="21.0659810" lon="105.7875560">
    <ele>8.1</ele>
   </trkpt>
   <trkpt lat="21.0660020" lon="105.7875320">
    <ele>8.1</ele>
   </trkpt>
   <trkpt lat="21.0660240" lon="105.7875030">
    <ele>8.1</ele>
   </trkpt>
   <trkpt lat="21.0660370" lon="105.7874740">
    <ele>8.1</ele>
   </trkpt>
   <trkpt lat="21.0660570" lon="105.7874410">
    <ele>8.1</ele>
   </trkpt>
   <trkpt lat="21.0660640" lon="105.7874300">
    <ele>8.1</ele>
   </trkpt>
   <trkpt lat="21.0660790" lon="105.7873970">
    <ele>8.2</ele>
   </trkpt>
   <trkpt lat="21.0660870" lon="105.7873690">
    <ele>8.2</ele>
   </trkpt>
   <trkpt lat="21.0661020" lon="105.7873350">
    <ele>8.2</ele>
   </trkpt>
   <trkpt lat="21.0661070" lon="105.7873240">
    <ele>8.2</ele>
   </trkpt>
   <trkpt lat="21.0661270" lon="105.7872940">
    <ele>8.2</ele>
   </trkpt>
   <trkpt lat="21.0661330" lon="105.7872840">
    <ele>8.2</ele>
   </trkpt>
   <trkpt lat="21.0661580" lon="105.7872520">
    <ele>8.2</ele>
   </trkpt>
   <trkpt lat="21.0661690" lon="105.7872410">
    <ele>8.3</ele>
   </trkpt>
   <trkpt lat="21.0661970" lon="105.7872130">
    <ele>8.3</ele>
   </trkpt>
   <trkpt lat="21.0662080" lon="105.7872040">
    <ele>8.3</ele>
   </trkpt>
   <trkpt lat="21.0662270" lon="105.7871830">
    <ele>8.3</ele>
   </trkpt>
   <trkpt lat="21.0662580" lon="105.7871580">
    <ele>8.3</ele>
   </trkpt>
   <trkpt lat="21.0662690" lon="105.7871480">
    <ele>8.3</ele>
   </trkpt>
   <trkpt lat="21.0662970" lon="105.7871380">
    <ele>8.3</ele>
   </trkpt>
   <trkpt lat="21.0663350" lon="105.7871200">
    <ele>8.3</ele>
   </trkpt>
   <trkpt lat="21.0663520" lon="105.7871140">
    <ele>8.3</ele>
   </trkpt>
   <trkpt lat="21.0663870" lon="105.7871020">
    <ele>8.3</ele>
   </trkpt>
   <trkpt lat="21.0663960" lon="105.7870980">
    <ele>8.3</ele>
   </trkpt>
   <trkpt lat="21.0664340" lon="105.7870860">
    <ele>8.3</ele>
   </trkpt>
   <trkpt lat="21.0664490" lon="105.7870820">
    <ele>8.3</ele>
   </trkpt>
   <trkpt lat="21.0664750" lon="105.7870730">
    <ele>8.4</ele>
   </trkpt>
   <trkpt lat="21.0665150" lon="105.7870640">
    <ele>8.4</ele>
   </trkpt>
   <trkpt lat="21.0665300" lon="105.7870620">
    <ele>8.4</ele>
   </trkpt>
   <trkpt lat="21.0665720" lon="105.7870490">
    <ele>8.4</ele>
   </trkpt>
   <trkpt lat="21.0665890" lon="105.7870460">
    <ele>8.4</ele>
   </trkpt>
   <trkpt lat="21.0666170" lon="105.7870230">
    <ele>8.4</ele>
   </trkpt>
   <trkpt lat="21.0666290" lon="105.7870140">
    <ele>8.4</ele>
   </trkpt>
   <trkpt lat="21.0666660" lon="105.7870000">
    <ele>8.4</ele>
   </trkpt>
   <trkpt lat="21.0666790" lon="105.7869940">
    <ele>8.4</ele>
   </trkpt>
   <trkpt lat="21.0667080" lon="105.7869790">
    <ele>8.4</ele>
   </trkpt>
   <trkpt lat="21.0667320" lon="105.7869670">
    <ele>8.4</ele>
   </trkpt>
   <trkpt lat="21.0667550" lon="105.7869480">
    <ele>8.4</ele>
   </trkpt>
   <trkpt lat="21.0667830" lon="105.7869340">
    <ele>8.4</ele>
   </trkpt>
   <trkpt lat="21.0668080" lon="105.7869200">
    <ele>8.4</ele>
   </trkpt>
   <trkpt lat="21.0668360" lon="105.7869010">
    <ele>8.4</ele>
   </trkpt>
   <trkpt lat="21.0668610" lon="105.7868820">
    <ele>8.4</ele>
   </trkpt>
   <trkpt lat="21.0668810" lon="105.7868550">
    <ele>8.4</ele>
   </trkpt>
   <trkpt lat="21.0669020" lon="105.7868350">
    <ele>8.5</ele>
   </trkpt>
   <trkpt lat="21.0669330" lon="105.7868110">
    <ele>8.5</ele>
   </trkpt>
   <trkpt lat="21.0669460" lon="105.7868030">
    <ele>8.5</ele>
   </trkpt>
   <trkpt lat="21.0669660" lon="105.7867830">
    <ele>8.5</ele>
   </trkpt>
   <trkpt lat="21.0670010" lon="105.7867570">
    <ele>8.5</ele>
   </trkpt>
   <trkpt lat="21.0670140" lon="105.7867470">
    <ele>8.5</ele>
   </trkpt>
   <trkpt lat="21.0670380" lon="105.7867230">
    <ele>8.5</ele>
   </trkpt>
   <trkpt lat="21.0670590" lon="105.7866980">
    <ele>8.5</ele>
   </trkpt>
   <trkpt lat="21.0670700" lon="105.7866900">
    <ele>8.5</ele>
   </trkpt>
   <trkpt lat="21.0670900" lon="105.7866680">
    <ele>8.5</ele>
   </trkpt>
   <trkpt lat="21.0671110" lon="105.7866470">
    <ele>8.5</ele>
   </trkpt>
   <trkpt lat="21.0671280" lon="105.7866230">
    <ele>8.5</ele>
   </trkpt>
   <trkpt lat="21.0671520" lon="105.7866010">
    <ele>8.5</ele>
   </trkpt>
   <trkpt lat="21.0671890" lon="105.7865740">
    <ele>8.5</ele>
   </trkpt>
   <trkpt lat="21.0672040" lon="105.7865640">
    <ele>8.5</ele>
   </trkpt>
   <trkpt lat="21.0672360" lon="105.7865380">
    <ele>8.5</ele>
   </trkpt>
   <trkpt lat="21.0672470" lon="105.7865280">
    <ele>8.5</ele>
   </trkpt>
   <trkpt lat="21.0672710" lon="105.7864900">
    <ele>8.5</ele>
   </trkpt>
   <trkpt lat="21.0672830" lon="105.7864760">
    <ele>8.5</ele>
   </trkpt>
   <trkpt lat="21.0673010" lon="105.7864450">
    <ele>8.5</ele>
   </trkpt>
   <trkpt lat="21.0673090" lon="105.7864080">
    <ele>8.5</ele>
   </trkpt>
   <trkpt lat="21.0673060" lon="105.7863940">
    <ele>8.5</ele>
   </trkpt>
   <trkpt lat="21.0672850" lon="105.7863460">
    <ele>8.5</ele>
   </trkpt>
   <trkpt lat="21.0672690" lon="105.7863240">
    <ele>8.5</ele>
   </trkpt>
   <trkpt lat="21.0672570" lon="105.7862940">
    <ele>8.5</ele>
   </trkpt>
   <trkpt lat="21.0672420" lon="105.7862680">
    <ele>8.5</ele>
   </trkpt>
   <trkpt lat="21.0672310" lon="105.7862390">
    <ele>8.5</ele>
   </trkpt>
   <trkpt lat="21.0672130" lon="105.7862060">
    <ele>8.5</ele>
   </trkpt>
   <trkpt lat="21.0672070" lon="105.7861940">
    <ele>8.5</ele>
   </trkpt>
   <trkpt lat="21.0671940" lon="105.7861680">
    <ele>8.5</ele>
   </trkpt>
   <trkpt lat="21.0671780" lon="105.7861420">
    <ele>8.5</ele>
   </trkpt>
   <trkpt lat="21.0671590" lon="105.7861050">
    <ele>8.5</ele>
   </trkpt>
   <trkpt lat="21.0671520" lon="105.7860910">
    <ele>8.5</ele>
   </trkpt>
   <trkpt lat="21.0671330" lon="105.7860640">
    <ele>8.5</ele>
   </trkpt>
   <trkpt lat="21.0671230" lon="105.7860360">
    <ele>8.5</ele>
   </trkpt>
   <trkpt lat="21.0671080" lon="105.7860030">
    <ele>8.5</ele>
   </trkpt>
   <trkpt lat="21.0670870" lon="105.7859630">
    <ele>8.5</ele>
   </trkpt>
   <trkpt lat="21.0670790" lon="105.7859490">
    <ele>8.5</ele>
   </trkpt>
   <trkpt lat="21.0670630" lon="105.7859130">
    <ele>8.5</ele>
   </trkpt>
   <trkpt lat="21.0670570" lon="105.7859010">
    <ele>8.5</ele>
   </trkpt>
   <trkpt lat="21.0670420" lon="105.7858720">
    <ele>8.4</ele>
   </trkpt>
   <trkpt lat="21.0670270" lon="105.7858300">
    <ele>8.4</ele>
   </trkpt>
   <trkpt lat="21.0670200" lon="105.7858160">
    <ele>8.4</ele>
   </trkpt>
   <trkpt lat="21.0670070" lon="105.7857860">
    <ele>8.4</ele>
   </trkpt>
   <trkpt lat="21.0669810" lon="105.7857570">
    <ele>8.4</ele>
   </trkpt>
   <trkpt lat="21.0669690" lon="105.7857510">
    <ele>8.4</ele>
   </trkpt>
   <trkpt lat="21.0669350" lon="105.7857280">
    <ele>8.4</ele>
   </trkpt>
   <trkpt lat="21.0669200" lon="105.7857210">
    <ele>8.3</ele>
   </trkpt>
   <trkpt lat="21.0668910" lon="105.7857140">
    <ele>8.3</ele>
   </trkpt>
   <trkpt lat="21.0668600" lon="105.7857130">
    <ele>8.3</ele>
   </trkpt>
   <trkpt lat="21.0668290" lon="105.7857190">
    <ele>8.3</ele>
   </trkpt>
   <trkpt lat="21.0667990" lon="105.7857080">
    <ele>8.2</ele>
   </trkpt>
   <trkpt lat="21.0667650" lon="105.7856940">
    <ele>8.2</ele>
   </trkpt>
   <trkpt lat="21.0667320" lon="105.7856940">
    <ele>8.2</ele>
   </trkpt>
   <trkpt lat="21.0666970" lon="105.7856870">
    <ele>8.2</ele>
   </trkpt>
   <trkpt lat="21.0666580" lon="105.7856810">
    <ele>8.2</ele>
   </trkpt>
   <trkpt lat="21.0666430" lon="105.7856790">
    <ele>8.2</ele>
   </trkpt>
   <trkpt lat="21.0666080" lon="105.7856710">
    <ele>8.1</ele>
   </trkpt>
   <trkpt lat="21.0665690" lon="105.7856590">
    <ele>8.1</ele>
   </trkpt>
   <trkpt lat="21.0665560" lon="105.7856540">
    <ele>8.1</ele>
   </trkpt>
   <trkpt lat="21.0665230" lon="105.7856440">
    <ele>8.1</ele>
   </trkpt>
   <trkpt lat="21.0664800" lon="105.7856440">
    <ele>8.1</ele>
   </trkpt>
   <trkpt lat="21.0664630" lon="105.7856430">
    <ele>8.1</ele>
   </trkpt>
   <trkpt lat="21.0664290" lon="105.7856420">
    <ele>8.1</ele>
   </trkpt>
   <trkpt lat="21.0663940" lon="105.7856470">
    <ele>8.1</ele>
   </trkpt>
   <trkpt lat="21.0663610" lon="105.7856510">
    <ele>8.1</ele>
   </trkpt>
   <trkpt lat="21.0663290" lon="105.7856600">
    <ele>8.1</ele>
   </trkpt>
   <trkpt lat="21.0662990" lon="105.7856630">
    <ele>8.1</ele>
   </trkpt>
   <trkpt lat="21.0662730" lon="105.7856730">
    <ele>8.0</ele>
   </trkpt>
   <trkpt lat="21.0662410" lon="105.7856800">
    <ele>8.0</ele>
   </trkpt>
   <trkpt lat="21.0662110" lon="105.7856930">
    <ele>8.0</ele>
   </trkpt>
   <trkpt lat="21.0661820" lon="105.7857120">
    <ele>8.0</ele>
   </trkpt>
   <trkpt lat="21.0661540" lon="105.7857330">
    <ele>8.0</ele>
   </trkpt>
   <trkpt lat="21.0661470" lon="105.7857420">
    <ele>8.0</ele>
   </trkpt>
   <trkpt lat="21.0661130" lon="105.7857640">
    <ele>8.0</ele>
   </trkpt>
   <trkpt lat="21.0660840" lon="105.7857750">
    <ele>8.1</ele>
   </trkpt>
   <trkpt lat="21.0660530" lon="105.7858000">
    <ele>8.1</ele>
   </trkpt>
   <trkpt lat="21.0660390" lon="105.7858090">
    <ele>8.1</ele>
   </trkpt>
   <trkpt lat="21.0660150" lon="105.7858400">
    <ele>8.1</ele>
   </trkpt>
   <trkpt lat="21.0659800" lon="105.7858700">
    <ele>8.1</ele>
   </trkpt>
   <trkpt lat="21.0659660" lon="105.7858830">
    <ele>8.1</ele>
   </trkpt>
   <trkpt lat="21.0659410" lon="105.7859120">
    <ele>8.1</ele>
   </trkpt>
   <trkpt lat="21.0659350" lon="105.7859250">
    <ele>8.1</ele>
   </trkpt>
   <trkpt lat="21.0659150" lon="105.7859450">
    <ele>8.1</ele>
   </trkpt>
   <trkpt lat="21.0658940" lon="105.7859690">
    <ele>8.1</ele>
   </trkpt>
   <trkpt lat="21.0658590" lon="105.7859900">
    <ele>8.0</ele>
   </trkpt>
   <trkpt lat="21.0658450" lon="105.7859970">
    <ele>8.0</ele>
   </trkpt>
   <trkpt lat="21.0658110" lon="105.7860140">
    <ele>8.0</ele>
   </trkpt>
   <trkpt lat="21.0657980" lon="105.7860190">
    <ele>8.0</ele>
   </trkpt>
   <trkpt lat="21.0657680" lon="105.7860320">
    <ele>8.0</ele>
   </trkpt>
   <trkpt lat="21.0657410" lon="105.7860430">
    <ele>8.0</ele>
   </trkpt>
   <trkpt lat="21.0657020" lon="105.7860470">
    <ele>8.0</ele>
   </trkpt>
   <trkpt lat="21.0656890" lon="105.7860470">
    <ele>8.0</ele>
   </trkpt>
   <trkpt lat="21.0656510" lon="105.7860340">
    <ele>8.0</ele>
   </trkpt>
   <trkpt lat="21.0656370" lon="105.7860300">
    <ele>8.0</ele>
   </trkpt>
   <trkpt lat="21.0656110" lon="105.7860150">
    <ele>8.0</ele>
   </trkpt>
   <trkpt lat="21.0655740" lon="105.7860090">
    <ele>8.0</ele>
   </trkpt>
   <trkpt lat="21.0655610" lon="105.7860090">
    <ele>8.0</ele>
   </trkpt>
   <trkpt lat="21.0655310" lon="105.7859830">
    <ele>8.0</ele>
   </trkpt>
   <trkpt lat="21.0655210" lon="105.7859750">
    <ele>8.0</ele>
   </trkpt>
   <trkpt lat="21.0654990" lon="105.7859550">
    <ele>8.0</ele>
   </trkpt>
   <trkpt lat="21.0654660" lon="105.7859330">
    <ele>8.0</ele>
   </trkpt>
   <trkpt lat="21.0654540" lon="105.7859240">
    <ele>8.0</ele>
   </trkpt>
   <trkpt lat="21.0654340" lon="105.7859010">
    <ele>8.0</ele>
   </trkpt>
   <trkpt lat="21.0654210" lon="105.7858590">
    <ele>8.0</ele>
   </trkpt>
   <trkpt lat="21.0654150" lon="105.7858450">
    <ele>8.0</ele>
   </trkpt>
   <trkpt lat="21.0654050" lon="105.7858150">
    <ele>8.0</ele>
   </trkpt>
   <trkpt lat="21.0653890" lon="105.7857880">
    <ele>8.0</ele>
   </trkpt>
   <trkpt lat="21.0653780" lon="105.7857570">
    <ele>8.0</ele>
   </trkpt>
   <trkpt lat="21.0653590" lon="105.7857320">
    <ele>8.0</ele>
   </trkpt>
   <trkpt lat="21.0653380" lon="105.7856950">
    <ele>8.0</ele>
   </trkpt>
   <trkpt lat="21.0653290" lon="105.7856840">
    <ele>8.0</ele>
   </trkpt>
   <trkpt lat="21.0653050" lon="105.7856560">
    <ele>8.0</ele>
   </trkpt>
   <trkpt lat="21.0652980" lon="105.7856430">
    <ele>8.0</ele>
   </trkpt>
   <trkpt lat="21.0652810" lon="105.7856200">
    <ele>8.0</ele>
   </trkpt>
   <trkpt lat="21.0652640" lon="105.7855910">
    <ele>8.0</ele>
   </trkpt>
   <trkpt lat="21.0652420" lon="105.7855720">
    <ele>8.0</ele>
   </trkpt>
   <trkpt lat="21.0652140" lon="105.7855470">
    <ele>8.0</ele>
   </trkpt>
   <trkpt lat="21.0652050" lon="105.7855390">
    <ele>8.0</ele>
   </trkpt>
   <trkpt lat="21.0651740" lon="105.7855150">
    <ele>8.0</ele>
   </trkpt>
   <trkpt lat="21.0651640" lon="105.7855060">
    <ele>8.0</ele>
   </trkpt>
   <trkpt lat="21.0651310" lon="105.7854820">
    <ele>8.0</ele>
   </trkpt>
   <trkpt lat="21.0651210" lon="105.7854730">
    <ele>7.9</ele>
   </trkpt>
   <trkpt lat="21.0650960" lon="105.7854560">
    <ele>7.9</ele>
   </trkpt>
   <trkpt lat="21.0650670" lon="105.7854330">
    <ele>7.9</ele>
   </trkpt>
   <trkpt lat="21.0650570" lon="105.7854250">
    <ele>7.9</ele>
   </trkpt>
   <trkpt lat="21.0650320" lon="105.7854070">
    <ele>7.9</ele>
   </trkpt>
   <trkpt lat="21.0650080" lon="105.7853920">
    <ele>7.9</ele>
   </trkpt>
   <trkpt lat="21.0649740" lon="105.7853770">
    <ele>7.9</ele>
   </trkpt>
   <trkpt lat="21.0649630" lon="105.7853710">
    <ele>7.9</ele>
   </trkpt>
   <trkpt lat="21.0649370" lon="105.7853570">
    <ele>7.9</ele>
   </trkpt>
   <trkpt lat="21.0649070" lon="105.7853460">
    <ele>7.9</ele>
   </trkpt>
   <trkpt lat="21.0648800" lon="105.7853330">
    <ele>7.9</ele>
   </trkpt>
   <trkpt lat="21.0648560" lon="105.7853200">
    <ele>7.9</ele>
   </trkpt>
   <trkpt lat="21.0648330" lon="105.7853110">
    <ele>7.9</ele>
   </trkpt>
   <trkpt lat="21.0647980" lon="105.7852970">
    <ele>7.9</ele>
   </trkpt>
   <trkpt lat="21.0647840" lon="105.7852940">
    <ele>7.9</ele>
   </trkpt>
   <trkpt lat="21.0647530" lon="105.7852840">
    <ele>7.9</ele>
   </trkpt>
   <trkpt lat="21.0647230" lon="105.7852750">
    <ele>7.9</ele>
   </trkpt>
   <trkpt lat="21.0646880" lon="105.7852670">
    <ele>7.9</ele>
   </trkpt>
   <trkpt lat="21.0646470" lon="105.7852670">
    <ele>7.9</ele>
   </trkpt>
   <trkpt lat="21.0646290" lon="105.7852670">
    <ele>7.9</ele>
   </trkpt>
   <trkpt lat="21.0645980" lon="105.7852630">
    <ele>7.9</ele>
   </trkpt>
   <trkpt lat="21.0645580" lon="105.7852620">
    <ele>7.9</ele>
   </trkpt>
   <trkpt lat="21.0645270" lon="105.7852640">
    <ele>7.9</ele>
   </trkpt>
   <trkpt lat="21.0644980" lon="105.7852630">
    <ele>7.9</ele>
   </trkpt>
   <trkpt lat="21.0644590" lon="105.7852670">
    <ele>7.8</ele>
   </trkpt>
   <trkpt lat="21.0644460" lon="105.7852690">
    <ele>7.8</ele>
   </trkpt>
   <trkpt lat="21.0643900" lon="105.7852770">
    <ele>7.8</ele>
   </trkpt>
   <trkpt lat="21.0643510" lon="105.7852840">
    <ele>7.8</ele>
   </trkpt>
   <trkpt lat="21.0643350" lon="105.7852870">
    <ele>7.8</ele>
   </trkpt>
   <trkpt lat="21.0643050" lon="105.7852920">
    <ele>7.8</ele>
   </trkpt>
   <trkpt lat="21.0642760" lon="105.7852990">
    <ele>7.8</ele>
   </trkpt>
   <trkpt lat="21.0642430" lon="105.7853130">
    <ele>7.8</ele>
   </trkpt>
   <trkpt lat="21.0642180" lon="105.7853230">
    <ele>7.8</ele>
   </trkpt>
   <trkpt lat="21.0641840" lon="105.7853310">
    <ele>7.8</ele>
   </trkpt>
   <trkpt lat="21.0641510" lon="105.7853370">
    <ele>7.8</ele>
   </trkpt>
   <trkpt lat="21.0641140" lon="105.7853530">
    <ele>7.8</ele>
   </trkpt>
   <trkpt lat="21.0640980" lon="105.7853590">
    <ele>7.8</ele>
   </trkpt>
   <trkpt lat="21.0640750" lon="105.7853780">
    <ele>7.8</ele>
   </trkpt>
   <trkpt lat="21.0640490" lon="105.7853930">
    <ele>7.8</ele>
   </trkpt>
   <trkpt lat="21.0640190" lon="105.7854020">
    <ele>7.8</ele>
   </trkpt>
   <trkpt lat="21.0639830" lon="105.7854130">
    <ele>7.8</ele>
   </trkpt>
   <trkpt lat="21.0639700" lon="105.7854190">
    <ele>7.8</ele>
   </trkpt>
   <trkpt lat="21.0639330" lon="105.7854420">
    <ele>7.8</ele>
   </trkpt>
   <trkpt lat="21.0639190" lon="105.7854510">
    <ele>7.7</ele>
   </trkpt>
   <trkpt lat="21.0638980" lon="105.7854690">
    <ele>7.7</ele>
   </trkpt>
   <trkpt lat="21.0638760" lon="105.7854940">
    <ele>7.7</ele>
   </trkpt>
   <trkpt lat="21.0638520" lon="105.7855080">
    <ele>7.7</ele>
   </trkpt>
   <trkpt lat="21.0638350" lon="105.7855340">
    <ele>7.7</ele>
   </trkpt>
   <trkpt lat="21.0638180" lon="105.7855630">
    <ele>7.7</ele>
   </trkpt>
   <trkpt lat="21.0638100" lon="105.7855720">
    <ele>7.7</ele>
   </trkpt>
   <trkpt lat="21.0637850" lon="105.7855870">
    <ele>7.7</ele>
   </trkpt>
   <trkpt lat="21.0637570" lon="105.7856180">
    <ele>7.7</ele>
   </trkpt>
   <trkpt lat="21.0637460" lon="105.7856290">
    <ele>7.7</ele>
   </trkpt>
   <trkpt lat="21.0637240" lon="105.7856610">
    <ele>7.7</ele>
   </trkpt>
   <trkpt lat="21.0637150" lon="105.7856760">
    <ele>7.7</ele>
   </trkpt>
   <trkpt lat="21.0637040" lon="105.7857100">
    <ele>7.7</ele>
   </trkpt>
   <trkpt lat="21.0636990" lon="105.7857200">
    <ele>7.7</ele>
   </trkpt>
   <trkpt lat="21.0636800" lon="105.7857420">
    <ele>7.7</ele>
   </trkpt>
   <trkpt lat="21.0636670" lon="105.7857780">
    <ele>7.7</ele>
   </trkpt>
   <trkpt lat="21.0636610" lon="105.7857910">
    <ele>7.7</ele>
   </trkpt>
   <trkpt lat="21.0636500" lon="105.7858190">
    <ele>7.7</ele>
   </trkpt>
   <trkpt lat="21.0636340" lon="105.7858480">
    <ele>7.7</ele>
   </trkpt>
   <trkpt lat="21.0636260" lon="105.7858580">
    <ele>7.7</ele>
   </trkpt>
   <trkpt lat="21.0636130" lon="105.7858940">
    <ele>7.7</ele>
   </trkpt>
   <trkpt lat="21.0636080" lon="105.7859090">
    <ele>7.7</ele>
   </trkpt>
   <trkpt lat="21.0635990" lon="105.7859410">
    <ele>7.7</ele>
   </trkpt>
   <trkpt lat="21.0635970" lon="105.7859550">
    <ele>7.7</ele>
   </trkpt>
   <trkpt lat="21.0635890" lon="105.7859840">
    <ele>7.7</ele>
   </trkpt>
   <trkpt lat="21.0635810" lon="105.7860120">
    <ele>7.7</ele>
   </trkpt>
   <trkpt lat="21.0635770" lon="105.7860500">
    <ele>7.7</ele>
   </trkpt>
   <trkpt lat="21.0635740" lon="105.7860620">
    <ele>7.7</ele>
   </trkpt>
   <trkpt lat="21.0635690" lon="105.7861030">
    <ele>7.7</ele>
   </trkpt>
   <trkpt lat="21.0635680" lon="105.7861160">
    <ele>7.7</ele>
   </trkpt>
   <trkpt lat="21.0635690" lon="105.7861520">
    <ele>7.7</ele>
   </trkpt>
   <trkpt lat="21.0635670" lon="105.7861640">
    <ele>7.7</ele>
   </trkpt>
   <trkpt lat="21.0635690" lon="105.7862020">
    <ele>7.8</ele>
   </trkpt>
   <trkpt lat="21.0635680" lon="105.7862170">
    <ele>7.8</ele>
   </trkpt>
   <trkpt lat="21.0635670" lon="105.7862510">
    <ele>7.8</ele>
   </trkpt>
   <trkpt lat="21.0635670" lon="105.7862930">
    <ele>7.8</ele>
   </trkpt>
   <trkpt lat="21.0635670" lon="105.7863080">
    <ele>7.8</ele>
   </trkpt>
   <trkpt lat="21.0635690" lon="105.7863370">
    <ele>7.8</ele>
   </trkpt>
   <trkpt lat="21.0635680" lon="105.7863780">
    <ele>7.8</ele>
   </trkpt>
   <trkpt lat="21.0635690" lon="105.7863930">
    <ele>7.8</ele>
   </trkpt>
   <trkpt lat="21.0635710" lon="105.7864240">
    <ele>7.9</ele>
   </trkpt>
   <trkpt lat="21.0635670" lon="105.7864560">
    <ele>7.9</ele>
   </trkpt>
   <trkpt lat="21.0635630" lon="105.7864910">
    <ele>7.9</ele>
   </trkpt>
   <trkpt lat="21.0635590" lon="105.7865200">
    <ele>7.9</ele>
   </trkpt>
   <trkpt lat="21.0635530" lon="105.7865600">
    <ele>7.9</ele>
   </trkpt>
   <trkpt lat="21.0635510" lon="105.7865730">
    <ele>7.9</ele>
   </trkpt>
   <trkpt lat="21.0635390" lon="105.7866020">
    <ele>7.9</ele>
   </trkpt>
   <trkpt lat="21.0635340" lon="105.7866310">
    <ele>7.9</ele>
   </trkpt>
   <trkpt lat="21.0635210" lon="105.7866610">
    <ele>7.9</ele>
   </trkpt>
   <trkpt lat="21.0635050" lon="105.7866870">
    <ele>7.9</ele>
   </trkpt>
   <trkpt lat="21.0634900" lon="105.7867130">
    <ele>7.9</ele>
   </trkpt>
   <trkpt lat="21.0634670" lon="105.7867470">
    <ele>7.9</ele>
   </trkpt>
   <trkpt lat="21.0634580" lon="105.7867580">
    <ele>7.9</ele>
   </trkpt>
   <trkpt lat="21.0634430" lon="105.7867840">
    <ele>7.9</ele>
   </trkpt>
   <trkpt lat="21.0634300" lon="105.7868170">
    <ele>7.9</ele>
   </trkpt>
   <trkpt lat="21.0634140" lon="105.7868500">
    <ele>7.9</ele>
   </trkpt>
   <trkpt lat="21.0634010" lon="105.7868750">
    <ele>7.9</ele>
   </trkpt>
   <trkpt lat="21.0633850" lon="105.7869000">
    <ele>7.9</ele>
   </trkpt>
   <trkpt lat="21.0633710" lon="105.7869310">
    <ele>7.9</ele>
   </trkpt>
   <trkpt lat="21.0633530" lon="105.7869590">
    <ele>7.9</ele>
   </trkpt>
   <trkpt lat="21.0633330" lon="105.7869950">
    <ele>7.9</ele>
   </trkpt>
   <trkpt lat="21.0633250" lon="105.7870090">
    <ele>7.9</ele>
   </trkpt>
   <trkpt lat="21.0633090" lon="105.7870330">
    <ele>7.9</ele>
   </trkpt>
   <trkpt lat="21.0632950" lon="105.7870650">
    <ele>7.9</ele>
   </trkpt>
   <trkpt lat="21.0632800" lon="105.7871010">
    <ele>7.9</ele>
   </trkpt>
   <trkpt lat="21.0632660" lon="105.7871330">
    <ele>7.9</ele>
   </trkpt>
   <trkpt lat="21.0632560" lon="105.7871640">
    <ele>7.9</ele>
   </trkpt>
   <trkpt lat="21.0632460" lon="105.7871930">
    <ele>7.9</ele>
   </trkpt>
   <trkpt lat="21.0632350" lon="105.7872210">
    <ele>7.9</ele>
   </trkpt>
   <trkpt lat="21.0632260" lon="105.7872490">
    <ele>7.9</ele>
   </trkpt>
   <trkpt lat="21.0632170" lon="105.7872770">
    <ele>7.9</ele>
   </trkpt>
   <trkpt lat="21.0632100" lon="105.7873180">
    <ele>7.9</ele>
   </trkpt>
   <trkpt lat="21.0632060" lon="105.7873350">
    <ele>7.9</ele>
   </trkpt>
   <trkpt lat="21.0632000" lon="105.7873750">
    <ele>7.9</ele>
   </trkpt>
   <trkpt lat="21.0631980" lon="105.7873900">
    <ele>7.9</ele>
   </trkpt>
   <trkpt lat="21.0631940" lon="105.7874190">
    <ele>7.9</ele>
   </trkpt>
   <trkpt lat="21.0631910" lon="105.7874640">
    <ele>7.9</ele>
   </trkpt>
   <trkpt lat="21.0631910" lon="105.7874810">
    <ele>7.9</ele>
   </trkpt>
   <trkpt lat="21.0631880" lon="105.7875140">
    <ele>7.9</ele>
   </trkpt>
   <trkpt lat="21.0631860" lon="105.7875560">
    <ele>7.9</ele>
   </trkpt>
   <trkpt lat="21.0631850" lon="105.7875700">
    <ele>7.9</ele>
   </trkpt>
   <trkpt lat="21.0631850" lon="105.7876000">
    <ele>7.9</ele>
   </trkpt>
   <trkpt lat="21.0631850" lon="105.7876430">
    <ele>7.9</ele>
   </trkpt>
   <trkpt lat="21.0631840" lon="105.7876590">
    <ele>7.9</ele>
   </trkpt>
   <trkpt lat="21.0631850" lon="105.7876920">
    <ele>7.9</ele>
   </trkpt>
   <trkpt lat="21.0631900" lon="105.7877350">
    <ele>7.9</ele>
   </trkpt>
   <trkpt lat="21.0631930" lon="105.7877520">
    <ele>7.9</ele>
   </trkpt>
   <trkpt lat="21.0631970" lon="105.7877950">
    <ele>7.9</ele>
   </trkpt>
   <trkpt lat="21.0631960" lon="105.7878100">
    <ele>7.9</ele>
   </trkpt>
   <trkpt lat="21.0632050" lon="105.7878510">
    <ele>7.9</ele>
   </trkpt>
   <trkpt lat="21.0632080" lon="105.7878660">
    <ele>8.0</ele>
   </trkpt>
   <trkpt lat="21.0632160" lon="105.7878980">
    <ele>8.0</ele>
   </trkpt>
   <trkpt lat="21.0632390" lon="105.7879340">
    <ele>8.0</ele>
   </trkpt>
   <trkpt lat="21.0632470" lon="105.7879460">
    <ele>8.0</ele>
   </trkpt>
   <trkpt lat="21.0632560" lon="105.7879750">
    <ele>8.0</ele>
   </trkpt>
   <trkpt lat="21.0632620" lon="105.7880060">
    <ele>8.0</ele>
   </trkpt>
   <trkpt lat="21.0632680" lon="105.7880340">
    <ele>8.0</ele>
   </trkpt>
   <trkpt lat="21.0632840" lon="105.7880630">
    <ele>7.9</ele>
   </trkpt>
   <trkpt lat="21.0632920" lon="105.7881000">
    <ele>7.9</ele>
   </trkpt>
   <trkpt lat="21.0632950" lon="105.7881160">
    <ele>7.9</ele>
   </trkpt>
   <trkpt lat="21.0633050" lon="105.7881460">
    <ele>7.9</ele>
   </trkpt>
   <trkpt lat="21.0633130" lon="105.7881850">
    <ele>7.9</ele>
   </trkpt>
   <trkpt lat="21.0633140" lon="105.7881980">
    <ele>7.9</ele>
   </trkpt>
   <trkpt lat="21.0633180" lon="105.7882290">
    <ele>7.9</ele>
   </trkpt>
   <trkpt lat="21.0633270" lon="105.7882600">
    <ele>7.9</ele>
   </trkpt>
   <trkpt lat="21.0633380" lon="105.7882980">
    <ele>7.9</ele>
   </trkpt>
   <trkpt lat="21.0633410" lon="105.7883110">
    <ele>7.9</ele>
   </trkpt>
   <trkpt lat="21.0633430" lon="105.7883410">
    <ele>7.9</ele>
   </trkpt>
   <trkpt lat="21.0633400" lon="105.7883720">
    <ele>7.9</ele>
   </trkpt>
   <trkpt lat="21.0633450" lon="105.7884300">
    <ele>7.9</ele>
   </trkpt>
   <trkpt lat="21.0633400" lon="105.7884630">
    <ele>7.9</ele>
   </trkpt>
   <trkpt lat="21.0633370" lon="105.7884940">
    <ele>7.9</ele>
   </trkpt>
   <trkpt lat="21.0633290" lon="105.7885250">
    <ele>7.8</ele>
   </trkpt>
   <trkpt lat="21.0633210" lon="105.7885660">
    <ele>7.8</ele>
   </trkpt>
   <trkpt lat="21.0633180" lon="105.7885800">
    <ele>7.8</ele>
   </trkpt>
   <trkpt lat="21.0633210" lon="105.7886100">
    <ele>7.8</ele>
   </trkpt>
   <trkpt lat="21.0633390" lon="105.7886360">
    <ele>7.8</ele>
   </trkpt>
   <trkpt lat="21.0633660" lon="105.7886480">
    <ele>7.8</ele>
   </trkpt>
   <trkpt lat="21.0633980" lon="105.7886550">
    <ele>7.8</ele>
   </trkpt>
   <trkpt lat="21.0634270" lon="105.7886570">
    <ele>7.8</ele>
   </trkpt>
   <trkpt lat="21.0634560" lon="105.7886610">
    <ele>7.8</ele>
   </trkpt>
   <trkpt lat="21.0634930" lon="105.7886630">
    <ele>7.7</ele>
   </trkpt>
   <trkpt lat="21.0635060" lon="105.7886650">
    <ele>7.7</ele>
   </trkpt>
   <trkpt lat="21.0635340" lon="105.7886700">
    <ele>7.7</ele>
   </trkpt>
   <trkpt lat="21.0635630" lon="105.7886800">
    <ele>7.7</ele>
   </trkpt>
   <trkpt lat="21.0635920" lon="105.7886930">
    <ele>7.7</ele>
   </trkpt>
   <trkpt lat="21.0636190" lon="105.7887000">
    <ele>7.7</ele>
   </trkpt>
   <trkpt lat="21.0636480" lon="105.7887080">
    <ele>7.7</ele>
   </trkpt>
   <trkpt lat="21.0636770" lon="105.7887180">
    <ele>7.7</ele>
   </trkpt>
   <trkpt lat="21.0637130" lon="105.7887340">
    <ele>7.7</ele>
   </trkpt>
   <trkpt lat="21.0637260" lon="105.7887390">
    <ele>7.7</ele>
   </trkpt>
   <trkpt lat="21.0637630" lon="105.7887530">
    <ele>7.7</ele>
   </trkpt>
   <trkpt lat="21.0637750" lon="105.7887590">
    <ele>7.7</ele>
   </trkpt>
   <trkpt lat="21.0638120" lon="105.7887780">
    <ele>7.7</ele>
   </trkpt>
   <trkpt lat="21.0638250" lon="105.7887850">
    <ele>7.7</ele>
   </trkpt>
   <trkpt lat="21.0638500" lon="105.7888000">
    <ele>7.7</ele>
   </trkpt>
   <trkpt lat="21.0638890" lon="105.7888160">
    <ele>7.7</ele>
   </trkpt>
   <trkpt lat="21.0639060" lon="105.7888210">
    <ele>7.7</ele>
   </trkpt>
   <trkpt lat="21.0639440" lon="105.7888340">
    <ele>7.7</ele>
   </trkpt>
   <trkpt lat="21.0639570" lon="105.7888400">
    <ele>7.7</ele>
   </trkpt>
   <trkpt lat="21.0639810" lon="105.7888560">
    <ele>7.7</ele>
   </trkpt>
   <trkpt lat="21.0640210" lon="105.7888690">
    <ele>7.7</ele>
   </trkpt>
   <trkpt lat="21.0640340" lon="105.7888740">
    <ele>7.7</ele>
   </trkpt>
   <trkpt lat="21.0640670" lon="105.7888890">
    <ele>7.7</ele>
   </trkpt>
   <trkpt lat="21.0640780" lon="105.7888960">
    <ele>7.7</ele>
   </trkpt>
   <trkpt lat="21.0641050" lon="105.7889050">
    <ele>7.7</ele>
   </trkpt>
   <trkpt lat="21.0641390" lon="105.7889220">
    <ele>7.7</ele>
   </trkpt>
   <trkpt lat="21.0641480" lon="105.7889280">
    <ele>7.7</ele>
   </trkpt>
   <trkpt lat="21.0641830" lon="105.7889400">
    <ele>7.7</ele>
   </trkpt>
   <trkpt lat="21.0641950" lon="105.7889440">
    <ele>7.7</ele>
   </trkpt>
   <trkpt lat="21.0642320" lon="105.7889560">
    <ele>7.7</ele>
   </trkpt>
   <trkpt lat="21.0642460" lon="105.7889610">
    <ele>7.7</ele>
   </trkpt>
   <trkpt lat="21.0642840" lon="105.7889760">
    <ele>7.6</ele>
   </trkpt>
   <trkpt lat="21.0642950" lon="105.7889820">
    <ele>7.6</ele>
   </trkpt>
   <trkpt lat="21.0643300" lon="105.7889910">
    <ele>7.6</ele>
   </trkpt>
   <trkpt lat="21.0643440" lon="105.7889940">
    <ele>7.6</ele>
   </trkpt>
   <trkpt lat="21.0643580" lon="105.7889940">
    <ele>7.6</ele>
   </trkpt>
   <trkpt lat="21.0643760" lon="105.7890040">
    <ele>7.6</ele>
   </trkpt>
   <trkpt lat="21.0644110" lon="105.7890270">
    <ele>7.6</ele>
   </trkpt>
   <trkpt lat="21.0644240" lon="105.7890330">
    <ele>7.6</ele>
   </trkpt>
   <trkpt lat="21.0644520" lon="105.7890440">
    <ele>7.6</ele>
   </trkpt>
   <trkpt lat="21.0644810" lon="105.7890470">
    <ele>7.6</ele>
   </trkpt>
   <trkpt lat="21.0645180" lon="105.7890560">
    <ele>7.6</ele>
   </trkpt>
   <trkpt lat="21.0645300" lon="105.7890580">
    <ele>7.6</ele>
   </trkpt>
   <trkpt lat="21.0645690" lon="105.7890630">
    <ele>7.6</ele>
   </trkpt>
   <trkpt lat="21.0645830" lon="105.7890650">
    <ele>7.6</ele>
   </trkpt>
   <trkpt lat="21.0646200" lon="105.7890700">
    <ele>7.6</ele>
   </trkpt>
   <trkpt lat="21.0646350" lon="105.7890720">
    <ele>7.6</ele>
   </trkpt>
   <trkpt lat="21.0646700" lon="105.7890730">
    <ele>7.6</ele>
   </trkpt>
   <trkpt lat="21.0646820" lon="105.7890710">
    <ele>7.6</ele>
   </trkpt>
   <trkpt lat="21.0647210" lon="105.7890710">
    <ele>7.7</ele>
   </trkpt>
   <trkpt lat="21.0647340" lon="105.7890690">
    <ele>7.7</ele>
   </trkpt>
   <trkpt lat="21.0647750" lon="105.7890680">
    <ele>7.7</ele>
   </trkpt>
   <trkpt lat="21.0647880" lon="105.7890670">
    <ele>7.7</ele>
   </trkpt>
   <trkpt lat="21.0648270" lon="105.7890650">
    <ele>7.7</ele>
   </trkpt>
   <trkpt lat="21.0648390" lon="105.7890620">
    <ele>7.7</ele>
   </trkpt>
   <trkpt lat="21.0648790" lon="105.7890560">
    <ele>7.7</ele>
   </trkpt>
   <trkpt lat="21.0648930" lon="105.7890540">
    <ele>7.7</ele>
   </trkpt>
   <trkpt lat="21.0649250" lon="105.7890470">
    <ele>7.6</ele>
   </trkpt>
   <trkpt lat="21.0649580" lon="105.7890360">
    <ele>7.6</ele>
   </trkpt>
   <trkpt lat="21.0649670" lon="105.7890310">
    <ele>7.6</ele>
   </trkpt>
   <trkpt lat="21.0650060" lon="105.7890240">
    <ele>7.6</ele>
   </trkpt>
   <trkpt lat="21.0650200" lon="105.7890210">
    <ele>7.6</ele>
   </trkpt>
   <trkpt lat="21.0650550" lon="105.7890060">
    <ele>7.6</ele>
   </trkpt>
   <trkpt lat="21.0650670" lon="105.7889990">
    <ele>7.6</ele>
   </trkpt>
   <trkpt lat="21.0650990" lon="105.7889830">
    <ele>7.6</ele>
   </trkpt>
   <trkpt lat="21.0651270" lon="105.7889640">
    <ele>7.6</ele>
   </trkpt>
   <trkpt lat="21.0651570" lon="105.7889480">
    <ele>7.6</ele>
   </trkpt>
   <trkpt lat="21.0651800" lon="105.7889280">
    <ele>7.6</ele>
   </trkpt>
   <trkpt lat="21.0652060" lon="105.7889120">
    <ele>7.7</ele>
   </trkpt>
   <trkpt lat="21.0652320" lon="105.7888860">
    <ele>7.7</ele>
   </trkpt>
   <trkpt lat="21.0652430" lon="105.7888760">
    <ele>7.7</ele>
   </trkpt>
   <trkpt lat="21.0652690" lon="105.7888450">
    <ele>7.7</ele>
   </trkpt>
   <trkpt lat="21.0652810" lon="105.7888350">
    <ele>7.7</ele>
   </trkpt>
   <trkpt lat="21.0653030" lon="105.7888140">
    <ele>7.7</ele>
   </trkpt>
   <trkpt lat="21.0653290" lon="105.7887840">
    <ele>7.7</ele>
   </trkpt>
   <trkpt lat="21.0653400" lon="105.7887730">
    <ele>7.7</ele>
   </trkpt>
   <trkpt lat="21.0653670" lon="105.7887410">
    <ele>7.7</ele>
   </trkpt>
   <trkpt lat="21.0653810" lon="105.7887290">
    <ele>7.7</ele>
   </trkpt>
   <trkpt lat="21.0654010" lon="105.7886990">
    <ele>7.7</ele>
   </trkpt>
   <trkpt lat="21.0654080" lon="105.7886890">
    <ele>7.7</ele>
   </trkpt>
   <trkpt lat="21.0654300" lon="105.7886600">
    <ele>7.7</ele>
   </trkpt>
   <trkpt lat="21.0654340" lon="105.7886490">
    <ele>7.7</ele>
   </trkpt>
   <trkpt lat="21.0654460" lon="105.7886140">
    <ele>7.7</ele>
   </trkpt>
   <trkpt lat="21.0654490" lon="105.7886010">
    <ele>7.7</ele>
   </trkpt>
   <trkpt lat="21.0654610" lon="105.7885740">
    <ele>7.7</ele>
   </trkpt>
   <trkpt lat="21.0654780" lon="105.7885390">
    <ele>7.8</ele>
   </trkpt>
   <trkpt lat="21.0654850" lon="105.7885280">
    <ele>7.8</ele>
   </trkpt>
   <trkpt lat="21.0654930" lon="105.7884980">
    <ele>7.8</ele>
   </trkpt>
   <trkpt lat="21.0655000" lon="105.7884560">
    <ele>7.8</ele>
   </trkpt>
   <trkpt lat="21.0655030" lon="105.7884410">
    <ele>7.8</ele>
   </trkpt>
   <trkpt lat="21.0655070" lon="105.7884120">
    <ele>7.8</ele>
   </trkpt>
   <trkpt lat="21.0655120" lon="105.7883730">
    <ele>7.8</ele>
   </trkpt>
   <trkpt lat="21.0655140" lon="105.7883600">
    <ele>7.8</ele>
   </trkpt>
   <trkpt lat="21.0655190" lon="105.7883260">
    <ele>7.8</ele>
   </trkpt>
   <trkpt lat="21.0655200" lon="105.7883110">
    <ele>7.8</ele>
   </trkpt>
   <trkpt lat="21.0655260" lon="105.7882800">
    <ele>7.8</ele>
   </trkpt>
   <trkpt lat="21.0655290" lon="105.7882400">
    <ele>7.9</ele>
   </trkpt>
   <trkpt lat="21.0655310" lon="105.7882280">
    <ele>7.9</ele>
   </trkpt>
   <trkpt lat="21.0655410" lon="105.7881850">
    <ele>7.9</ele>
   </trkpt>
   <trkpt lat="21.0655440" lon="105.7881720">
    <ele>7.9</ele>
   </trkpt>
   <trkpt lat="21.0655470" lon="105.7881600">
    <ele>7.9</ele>
   </trkpt>
   <trkpt lat="21.0655620" lon="105.7881200">
    <ele>7.9</ele>
   </trkpt>
   <trkpt lat="21.0655670" lon="105.7881060">
    <ele>7.9</ele>
   </trkpt>
   <trkpt lat="21.0655790" lon="105.7880670">
    <ele>7.9</ele>
   </trkpt>
   <trkpt lat="21.0655840" lon="105.7880520">
    <ele>7.9</ele>
   </trkpt>
   <trkpt lat="21.0656000" lon="105.7880150">
    <ele>7.9</ele>
   </trkpt>
   <trkpt lat="21.0656040" lon="105.7880040">
    <ele>7.9</ele>
   </trkpt>
   <trkpt lat="21.0656180" lon="105.7879690">
    <ele>8.0</ele>
   </trkpt>
   <trkpt lat="21.0656230" lon="105.7879590">
    <ele>8.0</ele>
   </trkpt>
   <trkpt lat="21.0656330" lon="105.7879290">
    <ele>8.0</ele>
   </trkpt>
   <trkpt lat="21.0656510" lon="105.7879040">
    <ele>8.0</ele>
   </trkpt>
   <trkpt lat="21.0656710" lon="105.7878680">
    <ele>8.0</ele>
   </trkpt>
   <trkpt lat="21.0656790" lon="105.7878570">
    <ele>8.0</ele>
   </trkpt>
   <trkpt lat="21.0657130" lon="105.7878210">
    <ele>8.0</ele>
   </trkpt>
   <trkpt lat="21.0657330" lon="105.7877900">
    <ele>8.0</ele>
   </trkpt>
   <trkpt lat="21.0657400" lon="105.7877800">
    <ele>8.0</ele>
   </trkpt>
   <trkpt lat="21.0657640" lon="105.7877480">
    <ele>8.0</ele>
   </trkpt>
   <trkpt lat="21.0657730" lon="105.7877380">
    <ele>8.0</ele>
   </trkpt>
   <trkpt lat="21.0658050" lon="105.7877180">
    <ele>8.0</ele>
   </trkpt>
   <trkpt lat="21.0658130" lon="105.7877070">
    <ele>8.0</ele>
   </trkpt>
   <trkpt lat="21.0658420" lon="105.7876810">
    <ele>8.0</ele>
   </trkpt>
   <trkpt lat="21.0658500" lon="105.7876740">
    <ele>8.0</ele>
   </trkpt>
   <trkpt lat="21.0658800" lon="105.7876460">
    <ele>8.0</ele>
   </trkpt>
   <trkpt lat="21.0658900" lon="105.7876370">
    <ele>8.0</ele>
   </trkpt>
   <trkpt lat="21.0659170" lon="105.7876080">
    <ele>8.1</ele>
   </trkpt>
   <trkpt lat="21.0659270" lon="105.7875980">
    <ele>8.1</ele>
   </trkpt>
   <trkpt lat="21.0659540" lon="105.7875690">
    <ele>8.1</ele>
   </trkpt>
   <trkpt lat="21.0659630" lon="105.7875570">
    <ele>8.1</ele>
   </trkpt>
   <trkpt lat="21.0659910" lon="105.7875260">
    <ele>8.1</ele>
   </trkpt>
   <trkpt lat="21.0660010" lon="105.7875140">
    <ele>8.1</ele>
   </trkpt>
   <trkpt lat="21.0660170" lon="105.7874850">
    <ele>8.1</ele>
   </trkpt>
   <trkpt lat="21.0660310" lon="105.7874600">
    <ele>8.1</ele>
   </trkpt>
   <trkpt lat="21.0660430" lon="105.7874250">
    <ele>8.1</ele>
   </trkpt>
   <trkpt lat="21.0660470" lon="105.7874110">
    <ele>8.1</ele>
   </trkpt>
   <trkpt lat="21.0660680" lon="105.7873740">
    <ele>8.2</ele>
   </trkpt>
   <trkpt lat="21.0660750" lon="105.7873610">
    <ele>8.2</ele>
   </trkpt>
   <trkpt lat="21.0660860" lon="105.7873320">
    <ele>8.2</ele>
   </trkpt>
   <trkpt lat="21.0661000" lon="105.7872950">
    <ele>8.2</ele>
   </trkpt>
   <trkpt lat="21.0661050" lon="105.7872850">
    <ele>8.2</ele>
   </trkpt>
   <trkpt lat="21.0661250" lon="105.7872510">
    <ele>8.2</ele>
   </trkpt>
   <trkpt lat="21.0661320" lon="105.7872390">
    <ele>8.2</ele>
   </trkpt>
   <trkpt lat="21.0661500" lon="105.7872160">
    <ele>8.3</ele>
   </trkpt>
   <trkpt lat="21.0661790" lon="105.7871830">
    <ele>8.3</ele>
   </trkpt>
   <trkpt lat="21.0661930" lon="105.7871740">
    <ele>8.3</ele>
   </trkpt>
   <trkpt lat="21.0662260" lon="105.7871550">
    <ele>8.3</ele>
   </trkpt>
   <trkpt lat="21.0662380" lon="105.7871500">
    <ele>8.3</ele>
   </trkpt>
   <trkpt lat="21.0662660" lon="105.7871290">
    <ele>8.3</ele>
   </trkpt>
   <trkpt lat="21.0662770" lon="105.7871230">
    <ele>8.3</ele>
   </trkpt>
   <trkpt lat="21.0663120" lon="105.7871130">
    <ele>8.3</ele>
   </trkpt>
   <trkpt lat="21.0663230" lon="105.7871100">
    <ele>8.3</ele>
   </trkpt>
   <trkpt lat="21.0663570" lon="105.7870960">
    <ele>8.3</ele>
   </trkpt>
   <trkpt lat="21.0663720" lon="105.7870910">
    <ele>8.3</ele>
   </trkpt>
   <trkpt lat="21.0663990" lon="105.7870840">
    <ele>8.3</ele>
   </trkpt>
   <trkpt lat="21.0664330" lon="105.7870700">
    <ele>8.3</ele>
   </trkpt>
   <trkpt lat="21.0664460" lon="105.7870660">
    <ele>8.3</ele>
   </trkpt>
   <trkpt lat="21.0664730" lon="105.7870580">
    <ele>8.4</ele>
   </trkpt>
   <trkpt lat="21.0665060" lon="105.7870410">
    <ele>8.4</ele>
   </trkpt>
   <trkpt lat="21.0665180" lon="105.7870360">
    <ele>8.4</ele>
   </trkpt>
   <trkpt lat="21.0665480" lon="105.7870200">
    <ele>8.4</ele>
   </trkpt>
   <trkpt lat="21.0665590" lon="105.7870150">
    <ele>8.4</ele>
   </trkpt>
   <trkpt lat="21.0665900" lon="105.7870040">
    <ele>8.4</ele>
   </trkpt>
   <trkpt lat="21.0666150" lon="105.7869900">
    <ele>8.4</ele>
   </trkpt>
   <trkpt lat="21.0666480" lon="105.7869740">
    <ele>8.4</ele>
   </trkpt>
   <trkpt lat="21.0666610" lon="105.7869690">
    <ele>8.4</ele>
   </trkpt>
   <trkpt lat="21.0666880" lon="105.7869590">
    <ele>8.4</ele>
   </trkpt>
   <trkpt lat="21.0667200" lon="105.7869380">
    <ele>8.4</ele>
   </trkpt>
   <trkpt lat="21.0667300" lon="105.7869300">
    <ele>8.4</ele>
   </trkpt>
   <trkpt lat="21.0667680" lon="105.7869120">
    <ele>8.4</ele>
   </trkpt>
   <trkpt lat="21.0667830" lon="105.7869070">
    <ele>8.4</ele>
   </trkpt>
   <trkpt lat="21.0668100" lon="105.7868940">
    <ele>8.4</ele>
   </trkpt>
   <trkpt lat="21.0668380" lon="105.7868750">
    <ele>8.4</ele>
   </trkpt>
   <trkpt lat="21.0668490" lon="105.7868670">
    <ele>8.4</ele>
   </trkpt>
   <trkpt lat="21.0668810" lon="105.7868450">
    <ele>8.4</ele>
   </trkpt>
   <trkpt lat="21.0668880" lon="105.7868350">
    <ele>8.4</ele>
   </trkpt>
   <trkpt lat="21.0669180" lon="105.7868130">
    <ele>8.5</ele>
   </trkpt>
   <trkpt lat="21.0669260" lon="105.7868070">
    <ele>8.5</ele>
   </trkpt>
   <trkpt lat="21.0669530" lon="105.7867820">
    <ele>8.5</ele>
   </trkpt>
   <trkpt lat="21.0669630" lon="105.7867740">
    <ele>8.5</ele>
   </trkpt>
   <trkpt lat="21.0669920" lon="105.7867500">
    <ele>8.5</ele>
   </trkpt>
   <trkpt lat="21.0670050" lon="105.7867410">
    <ele>8.5</ele>
   </trkpt>
   <trkpt lat="21.0670370" lon="105.7867200">
    <ele>8.5</ele>
   </trkpt>
   <trkpt lat="21.0670480" lon="105.7867140">
    <ele>8.5</ele>
   </trkpt>
   <trkpt lat="21.0670760" lon="105.7866870">
    <ele>8.5</ele>
   </trkpt>
   <trkpt lat="21.0670840" lon="105.7866770">
    <ele>8.5</ele>
   </trkpt>
   <trkpt lat="21.0671160" lon="105.7866500">
    <ele>8.5</ele>
   </trkpt>
   <trkpt lat="21.0671280" lon="105.7866410">
    <ele>8.5</ele>
   </trkpt>
   <trkpt lat="21.0671460" lon="105.7866170">
    <ele>8.5</ele>
   </trkpt>
   <trkpt lat="21.0671700" lon="105.7865910">
    <ele>8.5</ele>
   </trkpt>
   <trkpt lat="21.0671800" lon="105.7865840">
    <ele>8.5</ele>
   </trkpt>
   <trkpt lat="21.0672040" lon="105.7865610">
    <ele>8.5</ele>
   </trkpt>
   <trkpt lat="21.0672250" lon="105.7865360">
    <ele>8.5</ele>
   </trkpt>
   <trkpt lat="21.0672370" lon="105.7865280">
    <ele>8.5</ele>
   </trkpt>
   <trkpt lat="21.0672560" lon="105.7865050">
    <ele>8.5</ele>
   </trkpt>
   <trkpt lat="21.0672660" lon="105.7864770">
    <ele>8.5</ele>
   </trkpt>
   <trkpt lat="21.0672810" lon="105.7864500">
    <ele>8.5</ele>
   </trkpt>
   <trkpt lat="21.0672890" lon="105.7864210">
    <ele>8.5</ele>
   </trkpt>
   <trkpt lat="21.0672890" lon="105.7863820">
    <ele>8.5</ele>
   </trkpt>
   <trkpt lat="21.0672860" lon="105.7863690">
    <ele>8.5</ele>
   </trkpt>
   <trkpt lat="21.0672820" lon="105.7863390">
    <ele>8.5</ele>
   </trkpt>
   <trkpt lat="21.0672740" lon="105.7863090">
    <ele>8.5</ele>
   </trkpt>
   <trkpt lat="21.0672650" lon="105.7862780">
    <ele>8.5</ele>
   </trkpt>
   <trkpt lat="21.0672470" lon="105.7862440">
    <ele>8.5</ele>
   </trkpt>
   <trkpt lat="21.0672410" lon="105.7862340">
    <ele>8.5</ele>
   </trkpt>
   <trkpt lat="21.0672240" lon="105.7862100">
    <ele>8.5</ele>
   </trkpt>
   <trkpt lat="21.0671960" lon="105.7861800">
    <ele>8.5</ele>
   </trkpt>
   <trkpt lat="21.0671850" lon="105.7861690">
    <ele>8.5</ele>
   </trkpt>
   <trkpt lat="21.0671660" lon="105.7861330">
    <ele>8.5</ele>
   </trkpt>
   <trkpt lat="21.0671600" lon="105.7861210">
    <ele>8.5</ele>
   </trkpt>
   <trkpt lat="21.0671390" lon="105.7860950">
    <ele>8.5</ele>
   </trkpt>
   <trkpt lat="21.0671200" lon="105.7860730">
    <ele>8.5</ele>
   </trkpt>
   <trkpt lat="21.0671020" lon="105.7860370">
    <ele>8.5</ele>
   </trkpt>
   <trkpt lat="21.0670960" lon="105.7860240">
    <ele>8.5</ele>
   </trkpt>
   <trkpt lat="21.0670810" lon="105.7859830">
    <ele>8.5</ele>
   </trkpt>
   <trkpt lat="21.0670760" lon="105.7859690">
    <ele>8.5</ele>
   </trkpt>
   <trkpt lat="21.0670590" lon="105.7859300">
    <ele>8.5</ele>
   </trkpt>
   <trkpt lat="21.0670530" lon="105.7859170">
    <ele>8.5</ele>
   </trkpt>
   <trkpt lat="21.0670440" lon="105.7858870">
    <ele>8.5</ele>
   </trkpt>
   <trkpt lat="21.0670310" lon="105.7858620">
    <ele>8.4</ele>
   </trkpt>
   <trkpt lat="21.0670180" lon="105.7858320">
    <ele>8.4</ele>
   </trkpt>
   <trkpt lat="21.0670000" lon="105.7857990">
    <ele>8.4</ele>
   </trkpt>
   <trkpt lat="21.0669830" lon="105.7857700">
    <ele>8.4</ele>
   </trkpt>
   <trkpt lat="21.0669760" lon="105.7857590">
    <ele>8.4</ele>
   </trkpt>
   <trkpt lat="21.0669560" lon="105.7857370">
    <ele>8.4</ele>
   </trkpt>
   <trkpt lat="21.0669020" lon="105.7857110">
    <ele>8.3</ele>
   </trkpt>
   <trkpt lat="21.0668790" lon="105.7856960">
    <ele>8.3</ele>
   </trkpt>
   <trkpt lat="21.0668550" lon="105.7856950">
    <ele>8.3</ele>
   </trkpt>
   <trkpt lat="21.0667980" lon="105.7856750">
    <ele>8.2</ele>
   </trkpt>
   <trkpt lat="21.0667680" lon="105.7856680">
    <ele>8.2</ele>
   </trkpt>
   <trkpt lat="21.0667230" lon="105.7856650">
    <ele>8.2</ele>
   </trkpt>
   <trkpt lat="21.0666980" lon="105.7856600">
    <ele>8.2</ele>
   </trkpt>
   <trkpt lat="21.0666440" lon="105.7856450">
    <ele>8.2</ele>
   </trkpt>
   <trkpt lat="21.0666140" lon="105.7856390">
    <ele>8.1</ele>
   </trkpt>
   <trkpt lat="21.0665820" lon="105.7856310">
    <ele>8.1</ele>
   </trkpt>
   <trkpt lat="21.0665160" lon="105.7856360">
    <ele>8.1</ele>
   </trkpt>
   <trkpt lat="21.0664770" lon="105.7856340">
    <ele>8.1</ele>
   </trkpt>
   <trkpt lat="21.0664650" lon="105.7856340">
    <ele>8.1</ele>
   </trkpt>
   <trkpt lat="21.0664160" lon="105.7856310">
    <ele>8.1</ele>
   </trkpt>
   <trkpt lat="21.0663930" lon="105.7856310">
    <ele>8.1</ele>
   </trkpt>
   <trkpt lat="21.0663610" lon="105.7856340">
    <ele>8.1</ele>
   </trkpt>
   <trkpt lat="21.0663270" lon="105.7856400">
    <ele>8.1</ele>
   </trkpt>
   <trkpt lat="21.0662970" lon="105.7856610">
    <ele>8.1</ele>
   </trkpt>
   <trkpt lat="21.0662900" lon="105.7856690">
    <ele>8.1</ele>
   </trkpt>
   <trkpt lat="21.0662530" lon="105.7856820">
    <ele>8.0</ele>
   </trkpt>
   <trkpt lat="21.0662200" lon="105.7857000">
    <ele>8.0</ele>
   </trkpt>
   <trkpt lat="21.0661950" lon="105.7857200">
    <ele>8.0</ele>
   </trkpt>
   <trkpt lat="21.0661650" lon="105.7857470">
    <ele>8.0</ele>
   </trkpt>
   <trkpt lat="21.0661370" lon="105.7857640">
    <ele>8.0</ele>
   </trkpt>
   <trkpt lat="21.0661070" lon="105.7857750">
    <ele>8.1</ele>
   </trkpt>
   <trkpt lat="21.0660770" lon="105.7857880">
    <ele>8.1</ele>
   </trkpt>
   <trkpt lat="21.0660470" lon="105.7858120">
    <ele>8.1</ele>
   </trkpt>
   <trkpt lat="21.0660360" lon="105.7858200">
    <ele>8.1</ele>
   </trkpt>
   <trkpt lat="21.0660130" lon="105.7858470">
    <ele>8.1</ele>
   </trkpt>
   <trkpt lat="21.0659940" lon="105.7858780">
    <ele>8.1</ele>
   </trkpt>
   <trkpt lat="21.0659720" lon="105.7859050">
    <ele>8.1</ele>
   </trkpt>
   <trkpt lat="21.0659470" lon="105.7859260">
    <ele>8.1</ele>
   </trkpt>
   <trkpt lat="21.0659240" lon="105.7859420">
    <ele>8.1</ele>
   </trkpt>
   <trkpt lat="21.0659000" lon="105.7859640">
    <ele>8.1</ele>
   </trkpt>
   <trkpt lat="21.0658630" lon="105.7859850">
    <ele>8.1</ele>
   </trkpt>
   <trkpt lat="21.0658470" lon="105.7859940">
    <ele>8.0</ele>
   </trkpt>
   <trkpt lat="21.0658190" lon="105.7860160">
    <ele>8.0</ele>
   </trkpt>
   <trkpt lat="21.0657850" lon="105.7860310">
    <ele>8.0</ele>
   </trkpt>
   <trkpt lat="21.0657730" lon="105.7860350">
    <ele>8.0</ele>
   </trkpt>
   <trkpt lat="21.0657480" lon="105.7860490">
    <ele>8.0</ele>
   </trkpt>
   <trkpt lat="21.0657180" lon="105.7860510">
    <ele>8.0</ele>
   </trkpt>
   <trkpt lat="21.0656790" lon="105.7860400">
    <ele>8.0</ele>
   </trkpt>
   <trkpt lat="21.0656670" lon="105.7860360">
    <ele>8.0</ele>
   </trkpt>
   <trkpt lat="21.0656330" lon="105.7860330">
    <ele>8.0</ele>
   </trkpt>
   <trkpt lat="21.0656210" lon="105.7860290">
    <ele>8.0</ele>
   </trkpt>
   <trkpt lat="21.0655940" lon="105.7860130">
    <ele>8.0</ele>
   </trkpt>
   <trkpt lat="21.0655820" lon="105.7860030">
    <ele>8.0</ele>
   </trkpt>
   <trkpt lat="21.0655570" lon="105.7859850">
    <ele>8.0</ele>
   </trkpt>
   <trkpt lat="21.0655270" lon="105.7859650">
    <ele>8.0</ele>
   </trkpt>
   <trkpt lat="21.0655180" lon="105.7859590">
    <ele>8.0</ele>
   </trkpt>
   <trkpt lat="21.0655040" lon="105.7859410">
    <ele>8.0</ele>
   </trkpt>
   <trkpt lat="21.0654800" lon="105.7859210">
    <ele>8.0</ele>
   </trkpt>
   <trkpt lat="21.0654570" lon="105.7858850">
    <ele>8.0</ele>
   </trkpt>
   <trkpt lat="21.0654490" lon="105.7858710">
    <ele>8.0</ele>
   </trkpt>
   <trkpt lat="21.0654270" lon="105.7858390">
    <ele>8.0</ele>
   </trkpt>
   <trkpt lat="21.0654190" lon="105.7858300">
    <ele>8.0</ele>
   </trkpt>
   <trkpt lat="21.0654030" lon="105.7858030">
    <ele>8.0</ele>
   </trkpt>
   <trkpt lat="21.0653820" lon="105.7857680">
    <ele>8.0</ele>
   </trkpt>
   <trkpt lat="21.0653750" lon="105.7857530">
    <ele>8.0</ele>
   </trkpt>
   <trkpt lat="21.0653580" lon="105.7857250">
    <ele>8.0</ele>
   </trkpt>
   <trkpt lat="21.0653440" lon="105.7856980">
    <ele>8.0</ele>
   </trkpt>
   <trkpt lat="21.0653280" lon="105.7856710">
    <ele>8.0</ele>
   </trkpt>
   <trkpt lat="21.0653080" lon="105.7856400">
    <ele>8.0</ele>
   </trkpt>
   <trkpt lat="21.0653010" lon="105.7856290">
    <ele>8.0</ele>
   </trkpt>
   <trkpt lat="21.0652780" lon="105.7855970">
    <ele>8.0</ele>
   </trkpt>
   <trkpt lat="21.0652690" lon="105.7855880">
    <ele>8.0</ele>
   </trkpt>
   <trkpt lat="21.0652530" lon="105.7855640">
    <ele>8.0</ele>
   </trkpt>
   <trkpt lat="21.0652290" lon="105.7855390">
    <ele>8.0</ele>
   </trkpt>
   <trkpt lat="21.0652190" lon="105.7855310">
    <ele>8.0</ele>
   </trkpt>
   <trkpt lat="21.0651900" lon="105.7855050">
    <ele>8.0</ele>
   </trkpt>
   <trkpt lat="21.0651800" lon="105.7854970">
    <ele>8.0</ele>
   </trkpt>
   <trkpt lat="21.0651510" lon="105.7854690">
    <ele>8.0</ele>
   </trkpt>
   <trkpt lat="21.0651400" lon="105.7854580">
    <ele>8.0</ele>
   </trkpt>
   <trkpt lat="21.0651110" lon="105.7854370">
    <ele>7.9</ele>
   </trkpt>
   <trkpt lat="21.0650980" lon="105.7854300">
    <ele>7.9</ele>
   </trkpt>
   <trkpt lat="21.0650760" lon="105.7854130">
    <ele>7.9</ele>
   </trkpt>
   <trkpt lat="21.0650440" lon="105.7854030">
    <ele>7.9</ele>
   </trkpt>
   <trkpt lat="21.0650340" lon="105.7854000">
    <ele>7.9</ele>
   </trkpt>
   <trkpt lat="21.0650030" lon="105.7853760">
    <ele>7.9</ele>
   </trkpt>
   <trkpt lat="21.0649910" lon="105.7853660">
    <ele>7.9</ele>
   </trkpt>
   <trkpt lat="21.0649640" lon="105.7853420">
    <ele>7.9</ele>
   </trkpt>
   <trkpt lat="21.0649560" lon="105.7853330">
    <ele>7.9</ele>
   </trkpt>
   <trkpt lat="21.0649210" lon="105.7853160">
    <ele>7.9</ele>
   </trkpt>
   <trkpt lat="21.0649070" lon="105.7853090">
    <ele>7.9</ele>
   </trkpt>
   <trkpt lat="21.0648720" lon="105.7853000">
    <ele>7.9</ele>
   </trkpt>
   <trkpt lat="21.0648570" lon="105.7852960">
    <ele>7.9</ele>
   </trkpt>
   <trkpt lat="21.0648270" lon="105.7852910">
    <ele>7.9</ele>
   </trkpt>
   <trkpt lat="21.0647910" lon="105.7852860">
    <ele>7.9</ele>
   </trkpt>
   <trkpt lat="21.0647770" lon="105.7852850">
    <ele>7.9</ele>
   </trkpt>
   <trkpt lat="21.0647370" lon="105.7852740">
    <ele>7.9</ele>
   </trkpt>
   <trkpt lat="21.0647180" lon="105.7852700">
    <ele>7.9</ele>
   </trkpt>
   <trkpt lat="21.0646860" lon="105.7852530">
    <ele>7.9</ele>
   </trkpt>
   <trkpt lat="21.0646580" lon="105.7852510">
    <ele>7.9</ele>
   </trkpt>
   <trkpt lat="21.0646250" lon="105.7852470">
    <ele>7.9</ele>
   </trkpt>
   <trkpt lat="21.0645860" lon="105.7852520">
    <ele>7.9</ele>
   </trkpt>
   <trkpt lat="21.0645710" lon="105.7852530">
    <ele>7.9</ele>
   </trkpt>
   <trkpt lat="21.0645340" lon="105.7852600">
    <ele>7.9</ele>
   </trkpt>
   <trkpt lat="21.0645180" lon="105.7852590">
    <ele>7.9</ele>
   </trkpt>
   <trkpt lat="21.0644910" lon="105.7852560">
    <ele>7.9</ele>
   </trkpt>
   <trkpt lat="21.0644520" lon="105.7852660">
    <ele>7.8</ele>
   </trkpt>
   <trkpt lat="21.0644370" lon="105.7852700">
    <ele>7.8</ele>
   </trkpt>
   <trkpt lat="21.0644070" lon="105.7852690">
    <ele>7.8</ele>
   </trkpt>
   <trkpt lat="21.0643730" lon="105.7852760">
    <ele>7.8</ele>
   </trkpt>
   <trkpt lat="21.0643370" lon="105.7852720">
    <ele>7.8</ele>
   </trkpt>
   <trkpt lat="21.0643030" lon="105.7852860">
    <ele>7.8</ele>
   </trkpt>
   <trkpt lat="21.0642890" lon="105.7852880">
    <ele>7.8</ele>
   </trkpt>
   <trkpt lat="21.0642530" lon="105.7853010">
    <ele>7.8</ele>
   </trkpt>
   <trkpt lat="21.0642420" lon="105.7853060">
    <ele>7.8</ele>
   </trkpt>
   <trkpt lat="21.0642060" lon="105.7853080">
    <ele>7.8</ele>
   </trkpt>
   <trkpt lat="21.0641760" lon="105.7853140">
    <ele>7.8</ele>
   </trkpt>
   <trkpt lat="21.0641420" lon="105.7853260">
    <ele>7.8</ele>
   </trkpt>
   <trkpt lat="21.0641310" lon="105.7853340">
    <ele>7.8</ele>
   </trkpt>
   <trkpt lat="21.0641000" lon="105.7853530">
    <ele>7.8</ele>
   </trkpt>
   <trkpt lat="21.0640880" lon="105.7853570">
    <ele>7.8</ele>
   </trkpt>
   <trkpt lat="21.0640520" lon="105.7853740">
    <ele>7.8</ele>
   </trkpt>
   <trkpt lat="21.0640370" lon="105.7853780">
    <ele>7.8</ele>
   </trkpt>
   <trkpt lat="21.0640020" lon="105.7853800">
    <ele>7.8</ele>
   </trkpt>
   <trkpt lat="21.0639700" lon="105.7853980">
    <ele>7.8</ele>
   </trkpt>
   <trkpt lat="21.0639570" lon="105.7854060">
    <ele>7.8</ele>
   </trkpt>
   <trkpt lat="21.0639350" lon="105.7854280">
    <ele>7.8</ele>
   </trkpt>
   <trkpt lat="21.0639060" lon="105.7854510">
    <ele>7.7</ele>
   </trkpt>
   <trkpt lat="21.0638950" lon="105.7854600">
    <ele>7.7</ele>
   </trkpt>
   <trkpt lat="21.0638460" lon="105.7855020">
    <ele>7.7</ele>
   </trkpt>
   <trkpt lat="21.0638240" lon="105.7855310">
    <ele>7.7</ele>
   </trkpt>
   <trkpt lat="21.0637990" lon="105.7855790">
    <ele>7.7</ele>
   </trkpt>
   <trkpt lat="21.0637850" lon="105.7855960">
    <ele>7.7</ele>
   </trkpt>
   <trkpt lat="21.0637480" lon="105.7856470">
    <ele>7.7</ele>
   </trkpt>
   <trkpt lat="21.0637240" lon="105.7856670">
    <ele>7.7</ele>
   </trkpt>
   <trkpt lat="21.0637070" lon="105.7857150">
    <ele>7.7</ele>
   </trkpt>
   <trkpt lat="21.0636870" lon="105.7857440">
    <ele>7.7</ele>
   </trkpt>
   <trkpt lat="21.0636580" lon="105.7857960">
    <ele>7.7</ele>
   </trkpt>
   <trkpt lat="21.0636510" lon="105.7858320">
    <ele>7.7</ele>
   </trkpt>
   <trkpt lat="21.0636390" lon="105.7858590">
    <ele>7.7</ele>
   </trkpt>
   <trkpt lat="21.0636250" lon="105.7858840">
    <ele>7.7</ele>
   </trkpt>
   <trkpt lat="21.0636140" lon="105.7859120">
    <ele>7.7</ele>
   </trkpt>
   <trkpt lat="21.0636030" lon="105.7859390">
    <ele>7.7</ele>
   </trkpt>
   <trkpt lat="21.0635920" lon="105.7859820">
    <ele>7.7</ele>
   </trkpt>
   <trkpt lat="21.0635870" lon="105.7859990">
    <ele>7.7</ele>
   </trkpt>
   <trkpt lat="21.0635820" lon="105.7860400">
    <ele>7.7</ele>
   </trkpt>
   <trkpt lat="21.0635800" lon="105.7860540">
    <ele>7.7</ele>
   </trkpt>
   <trkpt lat="21.0635770" lon="105.7860850">
    <ele>7.7</ele>
   </trkpt>
   <trkpt lat="21.0635730" lon="105.7861230">
    <ele>7.7</ele>
   </trkpt>
   <trkpt lat="21.0635700" lon="105.7861360">
    <ele>7.7</ele>
   </trkpt>
   <trkpt lat="21.0635680" lon="105.7861650">
    <ele>7.7</ele>
   </trkpt>
   <trkpt lat="21.0635610" lon="105.7862040">
    <ele>7.8</ele>
   </trkpt>
   <trkpt lat="21.0635580" lon="105.7862150">
    <ele>7.8</ele>
   </trkpt>
   <trkpt lat="21.0635700" lon="105.7862460">
    <ele>7.8</ele>
   </trkpt>
   <trkpt lat="21.0635750" lon="105.7862590">
    <ele>7.8</ele>
   </trkpt>
   <trkpt lat="21.0635700" lon="105.7862940">
    <ele>7.8</ele>
   </trkpt>
   <trkpt lat="21.0635690" lon="105.7863090">
    <ele>7.8</ele>
   </trkpt>
   <trkpt lat="21.0635750" lon="105.7863500">
    <ele>7.8</ele>
   </trkpt>
   <trkpt lat="21.0635720" lon="105.7863640">
    <ele>7.8</ele>
   </trkpt>
   <trkpt lat="21.0635620" lon="105.7864040">
    <ele>7.8</ele>
   </trkpt>
   <trkpt lat="21.0635560" lon="105.7864180">
    <ele>7.9</ele>
   </trkpt>
   <trkpt lat="21.0635490" lon="105.7864580">
    <ele>7.9</ele>
   </trkpt>
   <trkpt lat="21.0635460" lon="105.7864720">
    <ele>7.9</ele>
   </trkpt>
   <trkpt lat="21.0635520" lon="105.7865040">
    <ele>7.9</ele>
   </trkpt>
   <trkpt lat="21.0635510" lon="105.7865420">
    <ele>7.9</ele>
   </trkpt>
   <trkpt lat="21.0635510" lon="105.7865550">
    <ele>7.9</ele>
   </trkpt>
   <trkpt lat="21.0635370" lon="105.7865920">
    <ele>7.9</ele>
   </trkpt>
   <trkpt lat="21.0635300" lon="105.7866060">
    <ele>7.9</ele>
   </trkpt>
   <trkpt lat="21.0635240" lon="105.7866450">
    <ele>7.9</ele>
   </trkpt>
   <trkpt lat="21.0635200" lon="105.7866590">
    <ele>7.9</ele>
   </trkpt>
   <trkpt lat="21.0634960" lon="105.7866890">
    <ele>7.9</ele>
   </trkpt>
   <trkpt lat="21.0634770" lon="105.7867190">
    <ele>7.9</ele>
   </trkpt>
   <trkpt lat="21.0634640" lon="105.7867460">
    <ele>7.9</ele>
   </trkpt>
   <trkpt lat="21.0634430" lon="105.7867790">
    <ele>7.9</ele>
   </trkpt>
   <trkpt lat="21.0634340" lon="105.7867900">
    <ele>7.9</ele>
   </trkpt>
   <trkpt lat="21.0634220" lon="105.7868180">
    <ele>7.9</ele>
   </trkpt>
   <trkpt lat="21.0633990" lon="105.7868560">
    <ele>7.9</ele>
   </trkpt>
   <trkpt lat="21.0633760" lon="105.7868800">
    <ele>7.9</ele>
   </trkpt>
   <trkpt lat="21.0633590" lon="105.7869160">
    <ele>7.9</ele>
   </trkpt>
   <trkpt lat="21.0633410" lon="105.7869390">
    <ele>7.9</ele>
   </trkpt>
   <trkpt lat="21.0633190" lon="105.7869660">
    <ele>7.9</ele>
   </trkpt>
   <trkpt lat="21.0633050" lon="105.7869940">
    <ele>7.9</ele>
   </trkpt>
   <trkpt lat="21.0632940" lon="105.7870260">
    <ele>7.9</ele>
   </trkpt>
   <trkpt lat="21.0632710" lon="105.7870590">
    <ele>7.9</ele>
   </trkpt>
   <trkpt lat="21.0632640" lon="105.7870700">
    <ele>7.9</ele>
   </trkpt>
   <trkpt lat="21.0632520" lon="105.7871000">
    <ele>7.9</ele>
   </trkpt>
   <trkpt lat="21.0632330" lon="105.7871370">
    <ele>7.9</ele>
   </trkpt>
   <trkpt lat="21.0632260" lon="105.7871540">
    <ele>7.9</ele>
   </trkpt>
   <trkpt lat="21.0632200" lon="105.7871880">
    <ele>7.9</ele>
   </trkpt>
   <trkpt lat="21.0632130" lon="105.7872270">
    <ele>7.9</ele>
   </trkpt>
   <trkpt lat="21.0632090" lon="105.7872410">
    <ele>7.9</ele>
   </trkpt>
   <trkpt lat="21.0631990" lon="105.7872700">
    <ele>7.9</ele>
   </trkpt>
   <trkpt lat="21.0631970" lon="105.7872800">
    <ele>7.9</ele>
   </trkpt>
   <trkpt lat="21.0631940" lon="105.7873280">
    <ele>7.9</ele>
   </trkpt>
   <trkpt lat="21.0631910" lon="105.7873470">
    <ele>7.9</ele>
   </trkpt>
   <trkpt lat="21.0631850" lon="105.7873760">
    <ele>7.9</ele>
   </trkpt>
   <trkpt lat="21.0631820" lon="105.7874070">
    <ele>7.9</ele>
   </trkpt>
   <trkpt lat="21.0631840" lon="105.7874490">
    <ele>7.9</ele>
   </trkpt>
   <trkpt lat="21.0631840" lon="105.7874640">
    <ele>7.9</ele>
   </trkpt>
   <trkpt lat="21.0631840" lon="105.7874940">
    <ele>7.9</ele>
   </trkpt>
   <trkpt lat="21.0631850" lon="105.7875290">
    <ele>7.9</ele>
   </trkpt>
   <trkpt lat="21.0631850" lon="105.7875590">
    <ele>7.9</ele>
   </trkpt>
   <trkpt lat="21.0631840" lon="105.7875710">
    <ele>7.9</ele>
   </trkpt>
   <trkpt lat="21.0631830" lon="105.7876020">
    <ele>7.9</ele>
   </trkpt>
   <trkpt lat="21.0631860" lon="105.7876310">
    <ele>7.9</ele>
   </trkpt>
   <trkpt lat="21.0631870" lon="105.7876750">
    <ele>7.9</ele>
   </trkpt>
   <trkpt lat="21.0631880" lon="105.7876910">
    <ele>7.9</ele>
   </trkpt>
   <trkpt lat="21.0631850" lon="105.7877330">
    <ele>7.9</ele>
   </trkpt>
   <trkpt lat="21.0631820" lon="105.7877480">
    <ele>7.9</ele>
   </trkpt>
   <trkpt lat="21.0631850" lon="105.7877780">
    <ele>7.9</ele>
   </trkpt>
   <trkpt lat="21.0631930" lon="105.7878070">
    <ele>7.9</ele>
   </trkpt>
   <trkpt lat="21.0632000" lon="105.7878370">
    <ele>7.9</ele>
   </trkpt>
   <trkpt lat="21.0632120" lon="105.7878640">
    <ele>8.0</ele>
   </trkpt>
   <trkpt lat="21.0632220" lon="105.7878930">
    <ele>8.0</ele>
   </trkpt>
   <trkpt lat="21.0632300" lon="105.7879220">
    <ele>8.0</ele>
   </trkpt>
   <trkpt lat="21.0632350" lon="105.7879500">
    <ele>8.0</ele>
   </trkpt>
   <trkpt lat="21.0632370" lon="105.7879820">
    <ele>8.0</ele>
   </trkpt>
   <trkpt lat="21.0632490" lon="105.7880130">
    <ele>8.0</ele>
   </trkpt>
   <trkpt lat="21.0632570" lon="105.7880430">
    <ele>8.0</ele>
   </trkpt>
   <trkpt lat="21.0632640" lon="105.7880780">
    <ele>7.9</ele>
   </trkpt>
   <trkpt lat="21.0632660" lon="105.7880910">
    <ele>7.9</ele>
   </trkpt>
   <trkpt lat="21.0632750" lon="105.7881310">
    <ele>7.9</ele>
   </trkpt>
   <trkpt lat="21.0632900" lon="105.7881640">
    <ele>7.9</ele>
   </trkpt>
   <trkpt lat="21.0632940" lon="105.7881740">
    <ele>7.9</ele>
   </trkpt>
   <trkpt lat="21.0633040" lon="105.7882100">
    <ele>7.9</ele>
   </trkpt>
   <trkpt lat="21.0633140" lon="105.7882450">
    <ele>7.9</ele>
   </trkpt>
   <trkpt lat="21.0633190" lon="105.7882580">
    <ele>7.9</ele>
   </trkpt>
   <trkpt lat="21.0633310" lon="105.7882940">
    <ele>7.9</ele>
   </trkpt>
   <trkpt lat="21.0633380" lon="105.7883080">
    <ele>7.9</ele>
   </trkpt>
   <trkpt lat="21.0633370" lon="105.7883420">
    <ele>7.9</ele>
   </trkpt>
   <trkpt lat="21.0633360" lon="105.7883720">
    <ele>7.9</ele>
   </trkpt>
   <trkpt lat="21.0633350" lon="105.7884020">
    <ele>7.9</ele>
   </trkpt>
   <trkpt lat="21.0633390" lon="105.7884310">
    <ele>7.9</ele>
   </trkpt>
   <trkpt lat="21.0633320" lon="105.7884750">
    <ele>7.9</ele>
   </trkpt>
   <trkpt lat="21.0633290" lon="105.7884910">
    <ele>7.9</ele>
   </trkpt>
   <trkpt lat="21.0633200" lon="105.7885210">
    <ele>7.8</ele>
   </trkpt>
   <trkpt lat="21.0633140" lon="105.7885510">
    <ele>7.8</ele>
   </trkpt>
   <trkpt lat="21.0633120" lon="105.7885820">
    <ele>7.8</ele>
   </trkpt>
   <trkpt lat="21.0633280" lon="105.7886140">
    <ele>7.8</ele>
   </trkpt>
   <trkpt lat="21.0633510" lon="105.7886330">
    <ele>7.8</ele>
   </trkpt>
   <trkpt lat="21.0633840" lon="105.7886420">
    <ele>7.8</ele>
   </trkpt>
   <trkpt lat="21.0634220" lon="105.7886460">
    <ele>7.8</ele>
   </trkpt>
   <trkpt lat="21.0634330" lon="105.7886470">
    <ele>7.8</ele>
   </trkpt>
   <trkpt lat="21.0634620" lon="105.7886510">
    <ele>7.7</ele>
   </trkpt>
   <trkpt lat="21.0634920" lon="105.7886570">
    <ele>7.7</ele>
   </trkpt>
   <trkpt lat="21.0635240" lon="105.7886640">
    <ele>7.7</ele>
   </trkpt>
   <trkpt lat="21.0635580" lon="105.7886750">
    <ele>7.7</ele>
   </trkpt>
   <trkpt lat="21.0635890" lon="105.7886870">
    <ele>7.7</ele>
   </trkpt>
   <trkpt lat="21.0636190" lon="105.7886950">
    <ele>7.7</ele>
   </trkpt>
   <trkpt lat="21.0636550" lon="105.7887130">
    <ele>7.7</ele>
   </trkpt>
   <trkpt lat="21.0636670" lon="105.7887200">
    <ele>7.7</ele>
   </trkpt>
   <trkpt lat="21.0636940" lon="105.7887340">
    <ele>7.7</ele>
   </trkpt>
   <trkpt lat="21.0637190" lon="105.7887450">
    <ele>7.7</ele>
   </trkpt>
   <trkpt lat="21.0637820" lon="105.7887670">
    <ele>7.7</ele>
   </trkpt>
   <trkpt lat="21.0638430" lon="105.7887900">
    <ele>7.7</ele>
   </trkpt>
   <trkpt lat="21.0638720" lon="105.7888050">
    <ele>7.7</ele>
   </trkpt>
   <trkpt lat="21.0639010" lon="105.7888110">
    <ele>7.7</ele>
   </trkpt>
   <trkpt lat="21.0639380" lon="105.7888400">
    <ele>7.7</ele>
   </trkpt>
   <trkpt lat="21.0639690" lon="105.7888460">
    <ele>7.7</ele>
   </trkpt>
   <trkpt lat="21.0640130" lon="105.7888620">
    <ele>7.7</ele>
   </trkpt>
   <trkpt lat="21.0640410" lon="105.7888640">
    <ele>7.7</ele>
   </trkpt>
   <trkpt lat="21.0640710" lon="105.7888660">
    <ele>7.7</ele>
   </trkpt>
   <trkpt lat="21.0640970" lon="105.7888780">
    <ele>7.7</ele>
   </trkpt>
   <trkpt lat="21.0641060" lon="105.7888830">
    <ele>7.7</ele>
   </trkpt>
   <trkpt lat="21.0641400" lon="105.7888950">
    <ele>7.7</ele>
   </trkpt>
   <trkpt lat="21.0641520" lon="105.7888990">
    <ele>7.7</ele>
   </trkpt>
   <trkpt lat="21.0641810" lon="105.7889060">
    <ele>7.7</ele>
   </trkpt>
   <trkpt lat="21.0642070" lon="105.7889190">
    <ele>7.7</ele>
   </trkpt>
   <trkpt lat="21.0642380" lon="105.7889410">
    <ele>7.7</ele>
   </trkpt>
   <trkpt lat="21.0642620" lon="105.7889550">
    <ele>7.7</ele>
   </trkpt>
   <trkpt lat="21.0642910" lon="105.7889620">
    <ele>7.6</ele>
   </trkpt>
   <trkpt lat="21.0643170" lon="105.7889730">
    <ele>7.6</ele>
   </trkpt>
   <trkpt lat="21.0643460" lon="105.7889850">
    <ele>7.6</ele>
   </trkpt>
   <trkpt lat="21.0643560" lon="105.7889890">
    <ele>7.6</ele>
   </trkpt>
   <trkpt lat="21.0643810" lon="105.7890040">
    <ele>7.6</ele>
   </trkpt>
   <trkpt lat="21.0644050" lon="105.7890180">
    <ele>7.6</ele>
   </trkpt>
   <trkpt lat="21.0644370" lon="105.7890290">
    <ele>7.6</ele>
   </trkpt>
   <trkpt lat="21.0644520" lon="105.7890350">
    <ele>7.6</ele>
   </trkpt>
   <trkpt lat="21.0644860" lon="105.7890450">
    <ele>7.6</ele>
   </trkpt>
   <trkpt lat="21.0645010" lon="105.7890470">
    <ele>7.6</ele>
   </trkpt>
   <trkpt lat="21.0645420" lon="105.7890580">
    <ele>7.6</ele>
   </trkpt>
   <trkpt lat="21.0645570" lon="105.7890620">
    <ele>7.6</ele>
   </trkpt>
   <trkpt lat="21.0645840" lon="105.7890670">
    <ele>7.6</ele>
   </trkpt>
   <trkpt lat="21.0646120" lon="105.7890720">
    <ele>7.6</ele>
   </trkpt>
   <trkpt lat="21.0646410" lon="105.7890700">
    <ele>7.6</ele>
   </trkpt>
   <trkpt lat="21.0646760" lon="105.7890740">
    <ele>7.6</ele>
   </trkpt>
   <trkpt lat="21.0646860" lon="105.7890750">
    <ele>7.7</ele>
   </trkpt>
   <trkpt lat="21.0647240" lon="105.7890810">
    <ele>7.7</ele>
   </trkpt>
   <trkpt lat="21.0647600" lon="105.7890760">
    <ele>7.7</ele>
   </trkpt>
   <trkpt lat="21.0647720" lon="105.7890750">
    <ele>7.7</ele>
   </trkpt>
   <trkpt lat="21.0648110" lon="105.7890730">
    <ele>7.7</ele>
   </trkpt>
   <trkpt lat="21.0648250" lon="105.7890720">
    <ele>7.7</ele>
   </trkpt>
   <trkpt lat="21.0648660" lon="105.7890620">
    <ele>7.7</ele>
   </trkpt>
   <trkpt lat="21.0648800" lon="105.7890600">
    <ele>7.7</ele>
   </trkpt>
   <trkpt lat="21.0649190" lon="105.7890460">
    <ele>7.6</ele>
   </trkpt>
   <trkpt lat="21.0649320" lon="105.7890410">
    <ele>7.6</ele>
   </trkpt>
   <trkpt lat="21.0649740" lon="105.7890340">
    <ele>7.6</ele>
   </trkpt>
   <trkpt lat="21.0649900" lon="105.7890280">
    <ele>7.6</ele>
   </trkpt>
   <trkpt lat="21.0650250" lon="105.7890090">
    <ele>7.6</ele>
   </trkpt>
   <trkpt lat="21.0650380" lon="105.7890020">
    <ele>7.6</ele>
   </trkpt>
   <trkpt lat="21.0650630" lon="105.7889900">
    <ele>7.6</ele>
   </trkpt>
   <trkpt lat="21.0650930" lon="105.7889700">
    <ele>7.6</ele>
   </trkpt>
   <trkpt lat="21.0651030" lon="105.7889640">
    <ele>7.6</ele>
   </trkpt>
   <trkpt lat="21.0651340" lon="105.7889470">
    <ele>7.6</ele>
   </trkpt>
   <trkpt lat="21.0651600" lon="105.7889340">
    <ele>7.6</ele>
   </trkpt>
   <trkpt lat="21.0651880" lon="105.7889180">
    <ele>7.6</ele>
   </trkpt>
   <trkpt lat="21.0652130" lon="105.7889020">
    <ele>7.7</ele>
   </trkpt>
   <trkpt lat="21.0652400" lon="105.7888760">
    <ele>7.7</ele>
   </trkpt>
   <trkpt lat="21.0652530" lon="105.7888680">
    <ele>7.7</ele>
   </trkpt>
   <trkpt lat="21.0652800" lon="105.7888400">
    <ele>7.7</ele>
   </trkpt>
   <trkpt lat="21.0652890" lon="105.7888290">
    <ele>7.7</ele>
   </trkpt>
   <trkpt lat="21.0653050" lon="105.7888070">
    <ele>7.7</ele>
   </trkpt>
   <trkpt lat="21.0653330" lon="105.7887800">
    <ele>7.7</ele>
   </trkpt>
   <trkpt lat="21.0653440" lon="105.7887710">
    <ele>7.7</ele>
   </trkpt>
   <trkpt lat="21.0653630" lon="105.7887490">
    <ele>7.7</ele>
   </trkpt>
   <trkpt lat="21.0653860" lon="105.7887150">
    <ele>7.7</ele>
   </trkpt>
   <trkpt lat="21.0653960" lon="105.7887010">
    <ele>7.7</ele>
   </trkpt>
   <trkpt lat="21.0654170" lon="105.7886780">
    <ele>7.7</ele>
   </trkpt>
   <trkpt lat="21.0654350" lon="105.7886400">
    <ele>7.7</ele>
   </trkpt>
   <trkpt lat="21.0654400" lon="105.7886280">
    <ele>7.7</ele>
   </trkpt>
   <trkpt lat="21.0654540" lon="105.7886020">
    <ele>7.7</ele>
   </trkpt>
   <trkpt lat="21.0654650" lon="105.7885700">
    <ele>7.7</ele>
   </trkpt>
   <trkpt lat="21.0654760" lon="105.7885310">
    <ele>7.8</ele>
   </trkpt>
   <trkpt lat="21.0654800" lon="105.7885180">
    <ele>7.8</ele>
   </trkpt>
   <trkpt lat="21.0654880" lon="105.7884870">
    <ele>7.8</ele>
   </trkpt>
   <trkpt lat="21.0654970" lon="105.7884580">
    <ele>7.8</ele>
   </trkpt>
   <trkpt lat="21.0655040" lon="105.7884290">
    <ele>7.8</ele>
   </trkpt>
   <trkpt lat="21.0655110" lon="105.7884000">
    <ele>7.8</ele>
   </trkpt>
   <trkpt lat="21.0655190" lon="105.7883600">
    <ele>7.8</ele>
   </trkpt>
   <trkpt lat="21.0655210" lon="105.7883470">
    <ele>7.8</ele>
   </trkpt>
   <trkpt lat="21.0655290" lon="105.7883130">
    <ele>7.8</ele>
   </trkpt>
   <trkpt lat="21.0655340" lon="105.7882840">
    <ele>7.8</ele>
   </trkpt>
   <trkpt lat="21.0655450" lon="105.7882470">
    <ele>7.8</ele>
   </trkpt>
   <trkpt lat="21.0655480" lon="105.7882360">
    <ele>7.9</ele>
   </trkpt>
   <trkpt lat="21.0655510" lon="105.7882000">
    <ele>7.9</ele>
   </trkpt>
   <trkpt lat="21.0655520" lon="105.7881890">
    <ele>7.9</ele>
   </trkpt>
   <trkpt lat="21.0655560" lon="105.7881530">
    <ele>7.9</ele>
   </trkpt>
   <trkpt lat="21.0655630" lon="105.7881370">
    <ele>7.9</ele>
   </trkpt>
   <trkpt lat="21.0655720" lon="105.7881100">
    <ele>7.9</ele>
   </trkpt>
   <trkpt lat="21.0655850" lon="105.7880750">
    <ele>7.9</ele>
   </trkpt>
   <trkpt lat="21.0655960" lon="105.7880340">
    <ele>7.9</ele>
   </trkpt>
   <trkpt lat="21.0655990" lon="105.7880190">
    <ele>7.9</ele>
   </trkpt>
   <trkpt lat="21.0656150" lon="105.7879780">
    <ele>8.0</ele>
   </trkpt>
   <trkpt lat="21.0656220" lon="105.7879630">
    <ele>8.0</ele>
   </trkpt>
   <trkpt lat="21.0656340" lon="105.7879310">
    <ele>8.0</ele>
   </trkpt>
   <trkpt lat="21.0656600" lon="105.7878980">
    <ele>8.0</ele>
   </trkpt>
   <trkpt lat="21.0656680" lon="105.7878850">
    <ele>8.0</ele>
   </trkpt>
   <trkpt lat="21.0656840" lon="105.7878560">
    <ele>8.0</ele>
   </trkpt>
   <trkpt lat="21.0657000" lon="105.7878260">
    <ele>8.0</ele>
   </trkpt>
   <trkpt lat="21.0657180" lon="105.7878010">
    <ele>8.0</ele>
   </trkpt>
   <trkpt lat="21.0657460" lon="105.7877730">
    <ele>8.0</ele>
   </trkpt>
   <trkpt lat="21.0657530" lon="105.7877620">
    <ele>8.0</ele>
   </trkpt>
   <trkpt lat="21.0657770" lon="105.7877300">
    <ele>8.0</ele>
   </trkpt>
   <trkpt lat="21.0657860" lon="105.7877190">
    <ele>8.0</ele>
   </trkpt>
   <trkpt lat="21.0658170" lon="105.7876910">
    <ele>8.0</ele>
   </trkpt>
   <trkpt lat="21.0658270" lon="105.7876810">
    <ele>8.0</ele>
   </trkpt>
   <trkpt lat="21.0658540" lon="105.7876550">
    <ele>8.0</ele>
   </trkpt>
   <trkpt lat="21.0658650" lon="105.7876440">
    <ele>8.0</ele>
   </trkpt>
   <trkpt lat="21.0658890" lon="105.7876270">
    <ele>8.1</ele>
   </trkpt>
   <trkpt lat="21.0659100" lon="105.7876080">
    <ele>8.1</ele>
   </trkpt>
   <trkpt lat="21.0659310" lon="105.7875880">
    <ele>8.1</ele>
   </trkpt>
   <trkpt lat="21.0659520" lon="105.7875690">
    <ele>8.1</ele>
   </trkpt>
   <trkpt lat="21.0659800" lon="105.7875360">
    <ele>8.1</ele>
   </trkpt>
   <trkpt lat="21.0659900" lon="105.7875250">
    <ele>8.1</ele>
   </trkpt>
   <trkpt lat="21.0660070" lon="105.7875010">
    <ele>8.1</ele>
   </trkpt>
   <trkpt lat="21.0660220" lon="105.7874750">
    <ele>8.1</ele>
   </trkpt>
   <trkpt lat="21.0660350" lon="105.7874470">
    <ele>8.1</ele>
   </trkpt>
   <trkpt lat="21.0660530" lon="105.7874130">
    <ele>8.1</ele>
   </trkpt>
   <trkpt lat="21.0660640" lon="105.7873790">
    <ele>8.2</ele>
   </trkpt>
   <trkpt lat="21.0660650" lon="105.7873670">
    <ele>8.2</ele>
   </trkpt>
   <trkpt lat="21.0660790" lon="105.7873330">
    <ele>8.2</ele>
   </trkpt>
   <trkpt lat="21.0660850" lon="105.7873210">
    <ele>8.2</ele>
   </trkpt>
   <trkpt lat="21.0661060" lon="105.7872890">
    <ele>8.2</ele>
   </trkpt>
   <trkpt lat="21.0661120" lon="105.7872760">
    <ele>8.2</ele>
   </trkpt>
   <trkpt lat="21.0661300" lon="105.7872410">
    <ele>8.2</ele>
   </trkpt>
   <trkpt lat="21.0661390" lon="105.7872300">
    <ele>8.2</ele>
   </trkpt>
   <trkpt lat="21.0661580" lon="105.7872080">
    <ele>8.3</ele>
   </trkpt>
   <trkpt lat="21.0661800" lon="105.7871910">
    <ele>8.3</ele>
   </trkpt>
   <trkpt lat="21.0662080" lon="105.7871650">
    <ele>8.3</ele>
   </trkpt>
   <trkpt lat="21.0662180" lon="105.7871560">
    <ele>8.3</ele>
   </trkpt>
   <trkpt lat="21.0662450" lon="105.7871370">
    <ele>8.3</ele>
   </trkpt>
   <trkpt lat="21.0662550" lon="105.7871320">
    <ele>8.3</ele>
   </trkpt>
   <trkpt lat="21.0662850" lon="105.7871150">
    <ele>8.3</ele>
   </trkpt>
   <trkpt lat="21.0662940" lon="105.7871080">
    <ele>8.3</ele>
   </trkpt>
   <trkpt lat="21.0663180" lon="105.7870940">
    <ele>8.3</ele>
   </trkpt>
   <trkpt lat="21.0663440" lon="105.7870830">
    <ele>8.3</ele>
   </trkpt>
   <trkpt lat="21.0663820" lon="105.7870650">
    <ele>8.3</ele>
   </trkpt>
   <trkpt lat="21.0663950" lon="105.7870600">
    <ele>8.3</ele>
   </trkpt>
   <trkpt lat="21.0664290" lon="105.7870480">
    <ele>8.3</ele>
   </trkpt>
   <trkpt lat="21.0664410" lon="105.7870450">
    <ele>8.3</ele>
   </trkpt>
   <trkpt lat="21.0664780" lon="105.7870390">
    <ele>8.4</ele>
   </trkpt>
   <trkpt lat="21.0664910" lon="105.7870360">
    <ele>8.4</ele>
   </trkpt>
   <trkpt lat="21.0665280" lon="105.7870220">
    <ele>8.4</ele>
   </trkpt>
   <trkpt lat="21.0665410" lon="105.7870170">
    <ele>8.4</ele>
   </trkpt>
   <trkpt lat="21.0665750" lon="105.7870020">
    <ele>8.4</ele>
   </trkpt>
   <trkpt lat="21.0665880" lon="105.7869950">
    <ele>8.4</ele>
   </trkpt>
   <trkpt lat="21.0666150" lon="105.7869820">
    <ele>8.4</ele>
   </trkpt>
   <trkpt lat="21.0666240" lon="105.7869770">
    <ele>8.4</ele>
   </trkpt>
   <trkpt lat="21.0666620" lon="105.7869650">
    <ele>8.4</ele>
   </trkpt>
   <trkpt lat="21.0666750" lon="105.7869600">
    <ele>8.4</ele>
   </trkpt>
   <trkpt lat="21.0667010" lon="105.7869470">
    <ele>8.4</ele>
   </trkpt>
   <trkpt lat="21.0667250" lon="105.7869320">
    <ele>8.4</ele>
   </trkpt>
   <trkpt lat="21.0667580" lon="105.7869230">
    <ele>8.4</ele>
   </trkpt>
   <trkpt lat="21.0667770" lon="105.7869020">
    <ele>8.4</ele>
   </trkpt>
   <trkpt lat="21.0668060" lon="105.7868810">
    <ele>8.4</ele>
   </trkpt>
   <trkpt lat="21.0668170" lon="105.7868740">
    <ele>8.4</ele>
   </trkpt>
   <trkpt lat="21.0668510" lon="105.7868570">
    <ele>8.4</ele>
   </trkpt>
   <trkpt lat="21.0668640" lon="105.7868520">
    <ele>8.4</ele>
   </trkpt>
   <trkpt lat="21.0668930" lon="105.7868340">
    <ele>8.4</ele>
   </trkpt>
   <trkpt lat="21.0669170" lon="105.7868170">
    <ele>8.5</ele>
   </trkpt>
   <trkpt lat="21.0669500" lon="105.7867980">
    <ele>8.5</ele>
   </trkpt>
   <trkpt lat="21.0669630" lon="105.7867910">
    <ele>8.5</ele>
   </trkpt>
   <trkpt lat="21.0669870" lon="105.7867720">
    <ele>8.5</ele>
   </trkpt>
   <trkpt lat="21.0670190" lon="105.7867460">
    <ele>8.5</ele>
   </trkpt>
   <trkpt lat="21.0670300" lon="105.7867380">
    <ele>8.5</ele>
   </trkpt>
   <trkpt lat="21.0670610" lon="105.7867110">
    <ele>8.5</ele>
   </trkpt>
   <trkpt lat="21.0670710" lon="105.7867010">
    <ele>8.5</ele>
   </trkpt>
   <trkpt lat="21.0670970" lon="105.7866710">
    <ele>8.5</ele>
   </trkpt>
   <trkpt lat="21.0671090" lon="105.7866610">
    <ele>8.5</ele>
   </trkpt>
   <trkpt lat="21.0671310" lon="105.7866340">
    <ele>8.5</ele>
   </trkpt>
   <trkpt lat="21.0671400" lon="105.7866240">
    <ele>8.5</ele>
   </trkpt>
   <trkpt lat="21.0671560" lon="105.7865990">
    <ele>8.5</ele>
   </trkpt>
   <trkpt lat="21.0671640" lon="105.7865900">
    <ele>8.5</ele>
   </trkpt>
   <trkpt lat="21.0671850" lon="105.7865640">
    <ele>8.5</ele>
   </trkpt>
   <trkpt lat="21.0672040" lon="105.7865440">
    <ele>8.5</ele>
   </trkpt>
   <trkpt lat="21.0672270" lon="105.7865260">
    <ele>8.5</ele>
   </trkpt>
   <trkpt lat="21.0672510" lon="105.7864960">
    <ele>8.5</ele>
   </trkpt>
   <trkpt lat="21.0672570" lon="105.7864820">
    <ele>8.5</ele>
   </trkpt>
   <trkpt lat="21.0672780" lon="105.7864580">
    <ele>8.5</ele>
   </trkpt>
   <trkpt lat="21.0672940" lon="105.7864340">
    <ele>8.5</ele>
   </trkpt>
   <trkpt lat="21.0672990" lon="105.7863940">
    <ele>8.5</ele>
   </trkpt>
   <trkpt lat="21.0672980" lon="105.7863800">
    <ele>8.5</ele>
   </trkpt>
   <trkpt lat="21.0672850" lon="105.7863410">
    <ele>8.5</ele>
   </trkpt>
   <trkpt lat="21.0672790" lon="105.7863270">
    <ele>8.5</ele>
   </trkpt>
   <trkpt lat="21.0672660" lon="105.7863000">
    <ele>8.5</ele>
   </trkpt>
   <trkpt lat="21.0672470" lon="105.7862620">
    <ele>8.5</ele>
   </trkpt>
   <trkpt lat="21.0672400" lon="105.7862500">
    <ele>8.5</ele>
   </trkpt>
   <trkpt lat="21.0672210" lon="105.7862210">
    <ele>8.5</ele>
   </trkpt>
   <trkpt lat="21.0672160" lon="105.7862080">
    <ele>8.5</ele>
   </trkpt>
   <trkpt lat="21.0672030" lon="105.7861800">
    <ele>8.5</ele>
   </trkpt>
   <trkpt lat="21.0671860" lon="105.7861490">
    <ele>8.5</ele>
   </trkpt>
   <trkpt lat="21.0671790" lon="105.7861390">
    <ele>8.5</ele>
   </trkpt>
   <trkpt lat="21.0671580" lon="105.7861050">
    <ele>8.5</ele>
   </trkpt>
   <trkpt lat="21.0671490" lon="105.7860930">
    <ele>8.5</ele>
   </trkpt>
   <trkpt lat="21.0671290" lon="105.7860690">
    <ele>8.5</ele>
   </trkpt>
   <trkpt lat="21.0671110" lon="105.7860460">
    <ele>8.5</ele>
   </trkpt>
   <trkpt lat="21.0670960" lon="105.7860100">
    <ele>8.5</ele>
   </trkpt>
   <trkpt lat="21.0670890" lon="105.7859970">
    <ele>8.5</ele>
   </trkpt>
   <trkpt lat="21.0670760" lon="105.7859620">
    <ele>8.5</ele>
   </trkpt>
   <trkpt lat="21.0670600" lon="105.7859230">
    <ele>8.5</ele>
   </trkpt>
   <trkpt lat="21.0670530" lon="105.7859100">
    <ele>8.5</ele>
   </trkpt>
   <trkpt lat="21.0670410" lon="105.7858810">
    <ele>8.4</ele>
   </trkpt>
   <trkpt lat="21.0670280" lon="105.7858540">
    <ele>8.4</ele>
   </trkpt>
   <trkpt lat="21.0670120" lon="105.7858290">
    <ele>8.4</ele>
   </trkpt>
   <trkpt lat="21.0669910" lon="105.7857950">
    <ele>8.4</ele>
   </trkpt>
   <trkpt lat="21.0669840" lon="105.7857830">
    <ele>8.4</ele>
   </trkpt>
   <trkpt lat="21.0669630" lon="105.7857560">
    <ele>8.4</ele>
   </trkpt>
   <trkpt lat="21.0669550" lon="105.7857480">
    <ele>8.4</ele>
   </trkpt>
   <trkpt lat="21.0669220" lon="105.7857330">
    <ele>8.3</ele>
   </trkpt>
   <trkpt lat="21.0669060" lon="105.7857300">
    <ele>8.3</ele>
   </trkpt>
   <trkpt lat="21.0668780" lon="105.7857210">
    <ele>8.3</ele>
   </trkpt>
   <trkpt lat="21.0668390" lon="105.7857110">
    <ele>8.3</ele>
   </trkpt>
   <trkpt lat="21.0668250" lon="105.7857050">
    <ele>8.3</ele>
   </trkpt>
   <trkpt lat="21.0667970" lon="105.7856980">
    <ele>8.2</ele>
   </trkpt>
   <trkpt lat="21.0667650" lon="105.7856870">
    <ele>8.2</ele>
   </trkpt>
   <trkpt lat="21.0667360" lon="105.7856800">
    <ele>8.2</ele>
   </trkpt>
   <trkpt lat="21.0667090" lon="105.7856650">
    <ele>8.2</ele>
   </trkpt>
   <trkpt lat="21.0666990" lon="105.7856630">
    <ele>8.2</ele>
   </trkpt>
   <trkpt lat="21.0666650" lon="105.7856630">
    <ele>8.2</ele>
   </trkpt>
   <trkpt lat="21.0666240" lon="105.7856520">
    <ele>8.1</ele>
   </trkpt>
   <trkpt lat="21.0666090" lon="105.7856500">
    <ele>8.1</ele>
   </trkpt>
   <trkpt lat="21.0665750" lon="105.7856400">
    <ele>8.1</ele>
   </trkpt>
   <trkpt lat="21.0665370" lon="105.7856520">
    <ele>8.1</ele>
   </trkpt>
   <trkpt lat="21.0665180" lon="105.7856530">
    <ele>8.1</ele>
   </trkpt>
   <trkpt lat="21.0664800" lon="105.7856570">
    <ele>8.1</ele>
   </trkpt>
   <trkpt lat="21.0664680" lon="105.7856580">
    <ele>8.1</ele>
   </trkpt>
   <trkpt lat="21.0664410" lon="105.7856620">
    <ele>8.1</ele>
   </trkpt>
   <trkpt lat="21.0663990" lon="105.7856620">
    <ele>8.1</ele>
   </trkpt>
   <trkpt lat="21.0663550" lon="105.7856620">
    <ele>8.1</ele>
   </trkpt>
   <trkpt lat="21.0663360" lon="105.7856620">
    <ele>8.1</ele>
   </trkpt>
   <trkpt lat="21.0662970" lon="105.7856830">
    <ele>8.1</ele>
   </trkpt>
   <trkpt lat="21.0662820" lon="105.7856950">
    <ele>8.0</ele>
   </trkpt>
   <trkpt lat="21.0662520" lon="105.7857100">
    <ele>8.0</ele>
   </trkpt>
   <trkpt lat="21.0662260" lon="105.7857210">
    <ele>8.0</ele>
   </trkpt>
   <trkpt lat="21.0661940" lon="105.7857320">
    <ele>8.0</ele>
   </trkpt>
   <trkpt lat="21.0661700" lon="105.7857570">
    <ele>8.0</ele>
   </trkpt>
   <trkpt lat="21.0661460" lon="105.7857730">
    <ele>8.0</ele>
   </trkpt>
   <trkpt lat="21.0661160" lon="105.7857870">
    <ele>8.1</ele>
   </trkpt>
   <trkpt lat="21.0660860" lon="105.7858070">
    <ele>8.1</ele>
   </trkpt>
   <trkpt lat="21.0660770" lon="105.7858170">
    <ele>8.1</ele>
   </trkpt>
   <trkpt lat="21.0660430" lon="105.7858400">
    <ele>8.1</ele>
   </trkpt>
   <trkpt lat="21.0660300" lon="105.7858490">
    <ele>8.1</ele>
   </trkpt>
   <trkpt lat="21.0660060" lon="105.7858700">
    <ele>8.1</ele>
   </trkpt>
   <trkpt lat="21.0659890" lon="105.7858970">
    <ele>8.1</ele>
   </trkpt>
   <trkpt lat="21.0659610" lon="105.7859140">
    <ele>8.1</ele>
   </trkpt>
   <trkpt lat="21.0659480" lon="105.7859400">
    <ele>8.1</ele>
   </trkpt>
   <trkpt lat="21.0659340" lon="105.7859650">
    <ele>8.1</ele>
   </trkpt>
   <trkpt lat="21.0658990" lon="105.7859920">
    <ele>8.1</ele>
   </trkpt>
   <trkpt lat="21.0658830" lon="105.7860010">
    <ele>8.1</ele>
   </trkpt>
   <trkpt lat="21.0658610" lon="105.7860200">
    <ele>8.0</ele>
   </trkpt>
   <trkpt lat="21.0658320" lon="105.7860360">
    <ele>8.0</ele>
   </trkpt>
   <trkpt lat="21.0657910" lon="105.7860500">
    <ele>8.0</ele>
   </trkpt>
   <trkpt lat="21.0657750" lon="105.7860550">
    <ele>8.0</ele>
   </trkpt>
   <trkpt lat="21.0657480" lon="105.7860610">
    <ele>8.0</ele>
   </trkpt>
   <trkpt lat="21.0657090" lon="105.7860590">
    <ele>8.0</ele>
   </trkpt>
   <trkpt lat="21.0656930" lon="105.7860570">
    <ele>8.0</ele>
   </trkpt>
   <trkpt lat="21.0656530" lon="105.7860500">
    <ele>8.0</ele>
   </trkpt>
   <trkpt lat="21.0656240" lon="105.7860450">
    <ele>8.0</ele>
   </trkpt>
   <trkpt lat="21.0656150" lon="105.7860440">
    <ele>8.0</ele>
   </trkpt>
   <trkpt lat="21.0655770" lon="105.7860210">
    <ele>8.0</ele>
   </trkpt>
   <trkpt lat="21.0655610" lon="105.7860110">
    <ele>8.0</ele>
   </trkpt>
   <trkpt lat="21.0655290" lon="105.7859890">
    <ele>8.0</ele>
   </trkpt>
   <trkpt lat="21.0655180" lon="105.7859800">
    <ele>8.0</ele>
   </trkpt>
   <trkpt lat="21.0654880" lon="105.7859450">
    <ele>8.0</ele>
   </trkpt>
   <trkpt lat="21.0654740" lon="105.7859310">
    <ele>8.0</ele>
   </trkpt>
   <trkpt lat="21.0654540" lon="105.7859030">
    <ele>8.0</ele>
   </trkpt>
   <trkpt lat="21.0654360" lon="105.7858730">
    <ele>8.0</ele>
   </trkpt>
   <trkpt lat="21.0654190" lon="105.7858450">
    <ele>8.0</ele>
   </trkpt>
   <trkpt lat="21.0654020" lon="105.7858210">
    <ele>8.0</ele>
   </trkpt>
   <trkpt lat="21.0653910" lon="105.7857870">
    <ele>8.0</ele>
   </trkpt>
   <trkpt lat="21.0653760" lon="105.7857610">
    <ele>8.0</ele>
   </trkpt>
   <trkpt lat="21.0653510" lon="105.7857260">
    <ele>8.0</ele>
   </trkpt>
   <trkpt lat="21.0653400" lon="105.7857130">
    <ele>8.0</ele>
   </trkpt>
   <trkpt lat="21.0653230" lon="105.7856870">
    <ele>8.0</ele>
   </trkpt>
   <trkpt lat="21.0653030" lon="105.7856670">
    <ele>8.0</ele>
   </trkpt>
   <trkpt lat="21.0652760" lon="105.7856380">
    <ele>8.0</ele>
   </trkpt>
   <trkpt lat="21.0652660" lon="105.7856300">
    <ele>8.0</ele>
   </trkpt>
   <trkpt lat="21.0652480" lon="105.7856060">
    <ele>8.0</ele>
   </trkpt>
   <trkpt lat="21.0652270" lon="105.7855850">
    <ele>8.0</ele>
   </trkpt>
   <trkpt lat="21.0652070" lon="105.7855630">
    <ele>8.0</ele>
   </trkpt>
   <trkpt lat="21.0651790" lon="105.7855320">
    <ele>8.0</ele>
   </trkpt>
   <trkpt lat="21.0651660" lon="105.7855200">
    <ele>8.0</ele>
   </trkpt>
   <trkpt lat="21.0651490" lon="105.7854980">
    <ele>8.0</ele>
   </trkpt>
   <trkpt lat="21.0651300" lon="105.7854750">
    <ele>8.0</ele>
   </trkpt>
   <trkpt lat="21.0651060" lon="105.7854520">
    <ele>7.9</ele>
   </trkpt>
   <trkpt lat="21.0650820" lon="105.7854350">
    <ele>7.9</ele>
   </trkpt>
   <trkpt lat="21.0650580" lon="105.7854160">
    <ele>7.9</ele>
   </trkpt>
   <trkpt lat="21.0650260" lon="105.7853960">
    <ele>7.9</ele>
   </trkpt>
   <trkpt lat="21.0650160" lon="105.7853880">
    <ele>7.9</ele>
   </trkpt>
   <trkpt lat="21.0649890" lon="105.7853730">
    <ele>7.9</ele>
   </trkpt>
   <trkpt lat="21.0649640" lon="105.7853570">
    <ele>7.9</ele>
   </trkpt>
   <trkpt lat="21.0649350" lon="105.7853420">
    <ele>7.9</ele>
   </trkpt>
   <trkpt lat="21.0649220" lon="105.7853370">
    <ele>7.9</ele>
   </trkpt>
   <trkpt lat="21.0648890" lon="105.7853190">
    <ele>7.9</ele>
   </trkpt>
   <trkpt lat="21.0648570" lon="105.7853000">
    <ele>7.9</ele>
   </trkpt>
   <trkpt lat="21.0648180" lon="105.7852790">
    <ele>7.9</ele>
   </trkpt>
   <trkpt lat="21.0648020" lon="105.7852720">
    <ele>7.9</ele>
   </trkpt>
   <trkpt lat="21.0647650" lon="105.7852640">
    <ele>7.9</ele>
   </trkpt>
   <trkpt lat="21.0647490" lon="105.7852610">
    <ele>7.9</ele>
   </trkpt>
   <trkpt lat="21.0647180" lon="105.7852610">
    <ele>7.9</ele>
   </trkpt>
   <trkpt lat="21.0646900" lon="105.7852560">
    <ele>7.9</ele>
   </trkpt>
   <trkpt lat="21.0646600" lon="105.7852540">
    <ele>7.9</ele>
   </trkpt>
   <trkpt lat="21.0646240" lon="105.7852480">
    <ele>7.9</ele>
   </trkpt>
   <trkpt lat="21.0645830" lon="105.7852490">
    <ele>7.9</ele>
   </trkpt>
   <trkpt lat="21.0645680" lon="105.7852510">
    <ele>7.9</ele>
   </trkpt>
   <trkpt lat="21.0645280" lon="105.7852510">
    <ele>7.9</ele>
   </trkpt>
   <trkpt lat="21.0645130" lon="105.7852490">
    <ele>7.9</ele>
   </trkpt>
   <trkpt lat="21.0644820" lon="105.7852530">
    <ele>7.9</ele>
   </trkpt>
   <trkpt lat="21.0644530" lon="105.7852540">
    <ele>7.8</ele>
   </trkpt>
   <trkpt lat="21.0644180" lon="105.7852650">
    <ele>7.8</ele>
   </trkpt>
   <trkpt lat="21.0644010" lon="105.7852670">
    <ele>7.8</ele>
   </trkpt>
   <trkpt lat="21.0643710" lon="105.7852740">
    <ele>7.8</ele>
   </trkpt>
   <trkpt lat="21.0643400" lon="105.7852760">
    <ele>7.8</ele>
   </trkpt>
   <trkpt lat="21.0643090" lon="105.7852830">
    <ele>7.8</ele>
   </trkpt>
   <trkpt lat="21.0642770" lon="105.7852810">
    <ele>7.8</ele>
   </trkpt>
   <trkpt lat="21.0642390" lon="105.7852900">
    <ele>7.8</ele>
   </trkpt>
   <trkpt lat="21.0642250" lon="105.7852920">
    <ele>7.8</ele>
   </trkpt>
   <trkpt lat="21.0641940" lon="105.7852940">
    <ele>7.8</ele>
   </trkpt>
   <trkpt lat="21.0641640" lon="105.7853110">
    <ele>7.8</ele>
   </trkpt>
   <trkpt lat="21.0641380" lon="105.7853240">
    <ele>7.8</ele>
   </trkpt>
   <trkpt lat="21.0641120" lon="105.7853340">
    <ele>7.8</ele>
   </trkpt>
   <trkpt lat="21.0640800" lon="105.7853530">
    <ele>7.8</ele>
   </trkpt>
   <trkpt lat="21.0640710" lon="105.7853600">
    <ele>7.8</ele>
   </trkpt>
   <trkpt lat="21.0640410" lon="105.7853690">
    <ele>7.8</ele>
   </trkpt>
   <trkpt lat="21.0640100" lon="105.7853890">
    <ele>7.8</ele>
   </trkpt>
   <trkpt lat="21.0639780" lon="105.7854070">
    <ele>7.8</ele>
   </trkpt>
   <trkpt lat="21.0639670" lon="105.7854150">
    <ele>7.8</ele>
   </trkpt>
   <trkpt lat="21.0639440" lon="105.7854330">
    <ele>7.8</ele>
   </trkpt>
   <trkpt lat="21.0639130" lon="105.7854600">
    <ele>7.7</ele>
   </trkpt>
   <trkpt lat="21.0639000" lon="105.7854670">
    <ele>7.7</ele>
   </trkpt>
   <trkpt lat="21.0638790" lon="105.7854930">
    <ele>7.7</ele>
   </trkpt>
   <trkpt lat="21.0638570" lon="105.7855130">
    <ele>7.7</ele>
   </trkpt>
   <trkpt lat="21.0638400" lon="105.7855420">
    <ele>7.7</ele>
   </trkpt>
   <trkpt lat="21.0638140" lon="105.7855690">
    <ele>7.7</ele>
   </trkpt>
   <trkpt lat="21.0638020" lon="105.7855780">
    <ele>7.7</ele>
   </trkpt>
   <trkpt lat="21.0637870" lon="105.7856030">
    <ele>7.7</ele>
   </trkpt>
   <trkpt lat="21.0637650" lon="105.7856240">
    <ele>7.7</ele>
   </trkpt>
   <trkpt lat="21.0637560" lon="105.7856580">
    <ele>7.7</ele>
   </trkpt>
   <trkpt lat="21.0637410" lon="105.7856830">
    <ele>7.7</ele>
   </trkpt>
   <trkpt lat="21.0637180" lon="105.7857170">
    <ele>7.7</ele>
   </trkpt>
   <trkpt lat="21.0637110" lon="105.7857280">
    <ele>7.7</ele>
   </trkpt>
   <trkpt lat="21.0636940" lon="105.7857540">
    <ele>7.7</ele>
   </trkpt>
   <trkpt lat="21.0636810" lon="105.7857850">
    <ele>7.7</ele>
   </trkpt>
   <trkpt lat="21.0636670" lon="105.7858200">
    <ele>7.7</ele>
   </trkpt>
   <trkpt lat="21.0636610" lon="105.7858310">
    <ele>7.7</ele>
   </trkpt>
   <trkpt lat="21.0636540" lon="105.7858590">
    <ele>7.7</ele>
   </trkpt>
   <trkpt lat="21.0636530" lon="105.7858730">
    <ele>7.7</ele>
   </trkpt>
   <trkpt lat="21.0636410" lon="105.7859150">
    <ele>7.7</ele>
   </trkpt>
   <trkpt lat="21.0636360" lon="105.7859320">
    <ele>7.7</ele>
   </trkpt>
   <trkpt lat="21.0636210" lon="105.7859630">
    <ele>7.7</ele>
   </trkpt>
   <trkpt lat="21.0636160" lon="105.7859730">
    <ele>7.7</ele>
   </trkpt>
   <trkpt lat="21.0636010" lon="105.7860130">
    <ele>7.7</ele>
   </trkpt>
   <trkpt lat="21.0635970" lon="105.7860260">
    <ele>7.7</ele>
   </trkpt>
   <trkpt lat="21.0635830" lon="105.7860590">
    <ele>7.7</ele>
   </trkpt>
   <trkpt lat="21.0635780" lon="105.7860690">
    <ele>7.7</ele>
   </trkpt>
   <trkpt lat="21.0635780" lon="105.7861060">
    <ele>7.7</ele>
   </trkpt>
   <trkpt lat="21.0635760" lon="105.7861180">
    <ele>7.7</ele>
   </trkpt>
   <trkpt lat="21.0635770" lon="105.7861480">
    <ele>7.7</ele>
   </trkpt>
   <trkpt lat="21.0635750" lon="105.7861810">
    <ele>7.8</ele>
   </trkpt>
   <trkpt lat="21.0635730" lon="105.7861910">
    <ele>7.8</ele>
   </trkpt>
   <trkpt lat="21.0635730" lon="105.7862300">
    <ele>7.8</ele>
   </trkpt>
   <trkpt lat="21.0635750" lon="105.7862420">
    <ele>7.8</ele>
   </trkpt>
   <trkpt lat="21.0635660" lon="105.7862700">
    <ele>7.8</ele>
   </trkpt>
   <trkpt lat="21.0635690" lon="105.7863120">
    <ele>7.8</ele>
   </trkpt>
   <trkpt lat="21.0635700" lon="105.7863260">
    <ele>7.8</ele>
   </trkpt>
   <trkpt lat="21.0635680" lon="105.7863630">
    <ele>7.8</ele>
   </trkpt>
   <trkpt lat="21.0635680" lon="105.7863760">
    <ele>7.8</ele>
   </trkpt>
   <trkpt lat="21.0635670" lon="105.7864180">
    <ele>7.8</ele>
   </trkpt>
   <trkpt lat="21.0635650" lon="105.7864330">
    <ele>7.9</ele>
   </trkpt>
   <trkpt lat="21.0635600" lon="105.7864610">
    <ele>7.9</ele>
   </trkpt>
   <trkpt lat="21.0635530" lon="105.7864910">
    <ele>7.9</ele>
   </trkpt>
   <trkpt lat="21.0635500" lon="105.7865260">
    <ele>7.9</ele>
   </trkpt>
   <trkpt lat="21.0635410" lon="105.7865520">
    <ele>7.9</ele>
   </trkpt>
   <trkpt lat="21.0635330" lon="105.7865810">
    <ele>7.9</ele>
   </trkpt>
   <trkpt lat="21.0635140" lon="105.7866340">
    <ele>7.9</ele>
   </trkpt>
   <trkpt lat="21.0635050" lon="105.7866590">
    <ele>7.9</ele>
   </trkpt>
   <trkpt lat="21.0634820" lon="105.7867190">
    <ele>7.9</ele>
   </trkpt>
   <trkpt lat="21.0634680" lon="105.7867490">
    <ele>7.9</ele>
   </trkpt>
   <trkpt lat="21.0634510" lon="105.7867750">
    <ele>7.9</ele>
   </trkpt>
   <trkpt lat="21.0634290" lon="105.7868020">
    <ele>7.9</ele>
   </trkpt>
   <trkpt lat="21.0634080" lon="105.7868260">
    <ele>7.9</ele>
   </trkpt>
   <trkpt lat="21.0633940" lon="105.7868630">
    <ele>7.9</ele>
   </trkpt>
   <trkpt lat="21.0633750" lon="105.7868920">
    <ele>7.9</ele>
   </trkpt>
   <trkpt lat="21.0633550" lon="105.7869270">
    <ele>7.9</ele>
   </trkpt>
   <trkpt lat="21.0633460" lon="105.7869380">
    <ele>7.9</ele>
   </trkpt>
   <trkpt lat="21.0633190" lon="105.7869980">
    <ele>7.9</ele>
   </trkpt>
   <trkpt lat="21.0633020" lon="105.7870210">
    <ele>7.9</ele>
   </trkpt>
   <trkpt lat="21.0632830" lon="105.7870550">
    <ele>7.9</ele>
   </trkpt>
   <trkpt lat="21.0632750" lon="105.7870650">
    <ele>7.9</ele>
   </trkpt>
   <trkpt lat="21.0632620" lon="105.7870910">
    <ele>7.9</ele>
   </trkpt>
   <trkpt lat="21.0632470" lon="105.7871300">
    <ele>7.9</ele>
   </trkpt>
   <trkpt lat="21.0632390" lon="105.7871440">
    <ele>7.9</ele>
   </trkpt>
   <trkpt lat="21.0632310" lon="105.7871770">
    <ele>7.9</ele>
   </trkpt>
   <trkpt lat="21.0632220" lon="105.7872050">
    <ele>7.9</ele>
   </trkpt>
   <trkpt lat="21.0632160" lon="105.7872350">
    <ele>7.9</ele>
   </trkpt>
   <trkpt lat="21.0632050" lon="105.7872630">
    <ele>7.9</ele>
   </trkpt>
   <trkpt lat="21.0632040" lon="105.7872980">
    <ele>7.9</ele>
   </trkpt>
   <trkpt lat="21.0631980" lon="105.7873340">
    <ele>7.9</ele>
   </trkpt>
   <trkpt lat="21.0631950" lon="105.7873470">
    <ele>7.9</ele>
   </trkpt>
   <trkpt lat="21.0631920" lon="105.7873780">
    <ele>7.9</ele>
   </trkpt>
   <trkpt lat="21.0631930" lon="105.7874070">
    <ele>7.9</ele>
   </trkpt>
   <trkpt lat="21.0631920" lon="105.7874400">
    <ele>7.9</ele>
   </trkpt>
   <trkpt lat="21.0631940" lon="105.7874730">
    <ele>7.9</ele>
   </trkpt>
   <trkpt lat="21.0631940" lon="105.7875140">
    <ele>7.9</ele>
   </trkpt>
   <trkpt lat="21.0631940" lon="105.7875290">
    <ele>7.9</ele>
   </trkpt>
   <trkpt lat="21.0631990" lon="105.7875730">
    <ele>7.9</ele>
   </trkpt>
   <trkpt lat="21.0631990" lon="105.7875920">
    <ele>7.9</ele>
   </trkpt>
   <trkpt lat="21.0631970" lon="105.7876220">
    <ele>7.9</ele>
   </trkpt>
   <trkpt lat="21.0631920" lon="105.7876630">
    <ele>7.9</ele>
   </trkpt>
   <trkpt lat="21.0631900" lon="105.7876780">
    <ele>7.9</ele>
   </trkpt>
   <trkpt lat="21.0631910" lon="105.7877130">
    <ele>7.9</ele>
   </trkpt>
   <trkpt lat="21.0631910" lon="105.7877540">
    <ele>7.9</ele>
   </trkpt>
   <trkpt lat="21.0631900" lon="105.7877680">
    <ele>7.9</ele>
   </trkpt>
   <trkpt lat="21.0631910" lon="105.7878050">
    <ele>7.9</ele>
   </trkpt>
   <trkpt lat="21.0631930" lon="105.7878160">
    <ele>7.9</ele>
   </trkpt>
   <trkpt lat="21.0632110" lon="105.7878530">
    <ele>8.0</ele>
   </trkpt>
   <trkpt lat="21.0632170" lon="105.7878650">
    <ele>8.0</ele>
   </trkpt>
   <trkpt lat="21.0632330" lon="105.7879020">
    <ele>8.0</ele>
   </trkpt>
   <trkpt lat="21.0632410" lon="105.7879140">
    <ele>8.0</ele>
   </trkpt>
   <trkpt lat="21.0632540" lon="105.7879410">
    <ele>8.0</ele>
   </trkpt>
   <trkpt lat="21.0632600" lon="105.7879720">
    <ele>8.0</ele>
   </trkpt>
   <trkpt lat="21.0632650" lon="105.7880050">
    <ele>8.0</ele>
   </trkpt>
   <trkpt lat="21.0632670" lon="105.7880350">
    <ele>8.0</ele>
   </trkpt>
   <trkpt lat="21.0632800" lon="105.7880750">
    <ele>7.9</ele>
   </trkpt>
   <trkpt lat="21.0632850" lon="105.7880880">
    <ele>7.9</ele>
   </trkpt>
   <trkpt lat="21.0632990" lon="105.7881260">
    <ele>7.9</ele>
   </trkpt>
   <trkpt lat="21.0633030" lon="105.7881390">
    <ele>7.9</ele>
   </trkpt>
   <trkpt lat="21.0633120" lon="105.7881810">
    <ele>7.9</ele>
   </trkpt>
   <trkpt lat="21.0633140" lon="105.7881970">
    <ele>7.9</ele>
   </trkpt>
   <trkpt lat="21.0633240" lon="105.7882340">
    <ele>7.9</ele>
   </trkpt>
   <trkpt lat="21.0633280" lon="105.7882460">
    <ele>7.9</ele>
   </trkpt>
   <trkpt lat="21.0633370" lon="105.7882770">
    <ele>7.9</ele>
   </trkpt>
   <trkpt lat="21.0633400" lon="105.7883060">
    <ele>7.9</ele>
   </trkpt>
   <trkpt lat="21.0633400" lon="105.7883370">
    <ele>7.9</ele>
   </trkpt>
   <trkpt lat="21.0633400" lon="105.7883710">
    <ele>7.9</ele>
   </trkpt>
   <trkpt lat="21.0633360" lon="105.7884100">
    <ele>7.9</ele>
   </trkpt>
   <trkpt lat="21.0633350" lon="105.7884280">
    <ele>7.9</ele>
   </trkpt>
   <trkpt lat="21.0633450" lon="105.7884670">
    <ele>7.9</ele>
   </trkpt>
   <trkpt lat="21.0633480" lon="105.7884810">
    <ele>7.8</ele>
   </trkpt>
   <trkpt lat="21.0633450" lon="105.7885120">
    <ele>7.8</ele>
   </trkpt>
   <trkpt lat="21.0633390" lon="105.7885420">
    <ele>7.8</ele>
   </trkpt>
   <trkpt lat="21.0633340" lon="105.7885720">
    <ele>7.8</ele>
   </trkpt>
   <trkpt lat="21.0633250" lon="105.7886010">
    <ele>7.8</ele>
   </trkpt>
   <trkpt lat="21.0633330" lon="105.7886390">
    <ele>7.8</ele>
   </trkpt>
   <trkpt lat="21.0633640" lon="105.7886550">
    <ele>7.8</ele>
   </trkpt>
   <trkpt lat="21.0633940" lon="105.7886480">
    <ele>7.8</ele>
   </trkpt>
   <trkpt lat="21.0634310" lon="105.7886470">
    <ele>7.8</ele>
   </trkpt>
   <trkpt lat="21.0634460" lon="105.7886450">
    <ele>7.7</ele>
   </trkpt>
   <trkpt lat="21.0634770" lon="105.7886490">
    <ele>7.7</ele>
   </trkpt>
   <trkpt lat="21.0635150" lon="105.7886500">
    <ele>7.7</ele>
   </trkpt>
   <trkpt lat="21.0635270" lon="105.7886530">
    <ele>7.7</ele>
   </trkpt>
   <trkpt lat="21.0635560" lon="105.7886610">
    <ele>7.7</ele>
   </trkpt>
   <trkpt lat="21.0635970" lon="105.7886710">
    <ele>7.7</ele>
   </trkpt>
   <trkpt lat="21.0636120" lon="105.7886750">
    <ele>7.7</ele>
   </trkpt>
   <trkpt lat="21.0636410" lon="105.7886820">
    <ele>7.7</ele>
   </trkpt>
   <trkpt lat="21.0636780" lon="105.7886930">
    <ele>7.7</ele>
   </trkpt>
   <trkpt lat="21.0636900" lon="105.7886990">
    <ele>7.7</ele>
   </trkpt>
   <trkpt lat="21.0637190" lon="105.7887120">
    <ele>7.7</ele>
   </trkpt>
   <trkpt lat="21.0637440" lon="105.7887240">
    <ele>7.7</ele>
   </trkpt>
   <trkpt lat="21.0637740" lon="105.7887420">
    <ele>7.7</ele>
   </trkpt>
   <trkpt lat="21.0637830" lon="105.7887490">
    <ele>7.7</ele>
   </trkpt>
   <trkpt lat="21.0638130" lon="105.7887580">
    <ele>7.7</ele>
   </trkpt>
   <trkpt lat="21.0638510" lon="105.7887740">
    <ele>7.7</ele>
   </trkpt>
   <trkpt lat="21.0638650" lon="105.7887820">
    <ele>7.7</ele>
   </trkpt>
   <trkpt lat="21.0638920" lon="105.7887880">
    <ele>7.7</ele>
   </trkpt>
   <trkpt lat="21.0639200" lon="105.7887990">
    <ele>7.7</ele>
   </trkpt>
   <trkpt lat="21.0639460" lon="105.7888100">
    <ele>7.7</ele>
   </trkpt>
   <trkpt lat="21.0639720" lon="105.7888210">
    <ele>7.7</ele>
   </trkpt>
   <trkpt lat="21.0640100" lon="105.7888350">
    <ele>7.7</ele>
   </trkpt>
   <trkpt lat="21.0640230" lon="105.7888390">
    <ele>7.7</ele>
   </trkpt>
   <trkpt lat="21.0640500" lon="105.7888480">
    <ele>7.7</ele>
   </trkpt>
   <trkpt lat="21.0640800" lon="105.7888680">
    <ele>7.7</ele>
   </trkpt>
   <trkpt lat="21.0640890" lon="105.7888770">
    <ele>7.7</ele>
   </trkpt>
   <trkpt lat="21.0641160" lon="105.7889050">
    <ele>7.7</ele>
   </trkpt>
   <trkpt lat="21.0641260" lon="105.7889110">
    <ele>7.7</ele>
   </trkpt>
   <trkpt lat="21.0641490" lon="105.7889280">
    <ele>7.7</ele>
   </trkpt>
   <trkpt lat="21.0641790" lon="105.7889380">
    <ele>7.7</ele>
   </trkpt>
   <trkpt lat="21.0642080" lon="105.7889470">
    <ele>7.7</ele>
   </trkpt>
   <trkpt lat="21.0642320" lon="105.7889620">
    <ele>7.7</ele>
   </trkpt>
   <trkpt lat="21.0642610" lon="105.7889690">
    <ele>7.7</ele>
   </trkpt>
   <trkpt lat="21.0642970" lon="105.7889760">
    <ele>7.6</ele>
   </trkpt>
   <trkpt lat="21.0643060" lon="105.7889810">
    <ele>7.6</ele>
   </trkpt>
   <trkpt lat="21.0643430" lon="105.7889880">
    <ele>7.6</ele>
   </trkpt>
   <trkpt lat="21.0643580" lon="105.7889910">
    <ele>7.6</ele>
   </trkpt>
   <trkpt lat="21.0643890" lon="105.7890030">
    <ele>7.6</ele>
   </trkpt>
   <trkpt lat="21.0644000" lon="105.7890090">
    <ele>7.6</ele>
   </trkpt>
   <trkpt lat="21.0644340" lon="105.7890230">
    <ele>7.6</ele>
   </trkpt>
   <trkpt lat="21.0644470" lon="105.7890290">
    <ele>7.6</ele>
   </trkpt>
   <trkpt lat="21.0644800" lon="105.7890390">
    <ele>7.6</ele>
   </trkpt>
   <trkpt lat="21.0644890" lon="105.7890420">
    <ele>7.6</ele>
   </trkpt>
   <trkpt lat="21.0645250" lon="105.7890510">
    <ele>7.6</ele>
   </trkpt>
   <trkpt lat="21.0645360" lon="105.7890560">
    <ele>7.6</ele>
   </trkpt>
   <trkpt lat="21.0645640" lon="105.7890560">
    <ele>7.6</ele>
   </trkpt>
   <trkpt lat="21.0646030" lon="105.7890600">
    <ele>7.6</ele>
   </trkpt>
   <trkpt lat="21.0646160" lon="105.7890620">
    <ele>7.6</ele>
   </trkpt>
   <trkpt lat="21.0646460" lon="105.7890590">
    <ele>7.6</ele>
   </trkpt>
   <trkpt lat="21.0646930" lon="105.7890520">
    <ele>7.7</ele>
   </trkpt>
   <trkpt lat="21.0647100" lon="105.7890490">
    <ele>7.7</ele>
   </trkpt>
   <trkpt lat="21.0647260" lon="105.7890450">
    <ele>7.7</ele>
   </trkpt>
   <trkpt lat="21.0647610" lon="105.7890460">
    <ele>7.7</ele>
   </trkpt>
   <trkpt lat="21.0647730" lon="105.7890490">
    <ele>7.7</ele>
   </trkpt>
   <trkpt lat="21.0648110" lon="105.7890510">
    <ele>7.7</ele>
   </trkpt>
   <trkpt lat="21.0648260" lon="105.7890500">
    <ele>7.7</ele>
   </trkpt>
   <trkpt lat="21.0648620" lon="105.7890550">
    <ele>7.7</ele>
   </trkpt>
   <trkpt lat="21.0649030" lon="105.7890480">
    <ele>7.6</ele>
   </trkpt>
   <trkpt lat="21.0649180" lon="105.7890460">
    <ele>7.6</ele>
   </trkpt>
   <trkpt lat="21.0649430" lon="105.7890350">
    <ele>7.6</ele>
   </trkpt>
   <trkpt lat="21.0649550" lon="105.7890280">
    <ele>7.6</ele>
   </trkpt>
   <trkpt lat="21.0649830" lon="105.7890220">
    <ele>7.6</ele>
   </trkpt>
   <trkpt lat="21.0650150" lon="105.7890070">
    <ele>7.6</ele>
   </trkpt>
   <trkpt lat="21.0650240" lon="105.7890010">
    <ele>7.6</ele>
   </trkpt>
   <trkpt lat="21.0650730" lon="105.7889800">
    <ele>7.6</ele>
   </trkpt>
   <trkpt lat="21.0650990" lon="105.7889760">
    <ele>7.6</ele>
   </trkpt>
   <trkpt lat="21.0651230" lon="105.7889610">
    <ele>7.6</ele>
   </trkpt>
   <trkpt lat="21.0651520" lon="105.7889450">
    <ele>7.6</ele>
   </trkpt>
   <trkpt lat="21.0651870" lon="105.7889260">
    <ele>7.6</ele>
   </trkpt>
   <trkpt lat="21.0652000" lon="105.7889190">
    <ele>7.6</ele>
   </trkpt>
   <trkpt lat="21.0652260" lon="105.7889050">
    <ele>7.7</ele>
   </trkpt>
   <trkpt lat="21.0652500" lon="105.7888890">
    <ele>7.7</ele>
   </trkpt>
   <trkpt lat="21.0652810" lon="105.7888670">
    <ele>7.7</ele>
   </trkpt>
   <trkpt lat="21.0652900" lon="105.7888580">
    <ele>7.7</ele>
   </trkpt>
   <trkpt lat="21.0653100" lon="105.7888390">
    <ele>7.7</ele>
   </trkpt>
   <trkpt lat="21.0653290" lon="105.7888170">
    <ele>7.7</ele>
   </trkpt>
   <trkpt lat="21.0653520" lon="105.7887870">
    <ele>7.7</ele>
   </trkpt>
   <trkpt lat="21.0653570" lon="105.7887760">
    <ele>7.7</ele>
   </trkpt>
   <trkpt lat="21.0653730" lon="105.7887460">
    <ele>7.7</ele>
   </trkpt>
   <trkpt lat="21.0653790" lon="105.7887350">
    <ele>7.7</ele>
   </trkpt>
   <trkpt lat="21.0654000" lon="105.7887000">
    <ele>7.7</ele>
   </trkpt>
   <trkpt lat="21.0654080" lon="105.7886880">
    <ele>7.7</ele>
   </trkpt>
   <trkpt lat="21.0654190" lon="105.7886530">
    <ele>7.7</ele>
   </trkpt>
   <trkpt lat="21.0654360" lon="105.7886250">
    <ele>7.7</ele>
   </trkpt>
   <trkpt lat="21.0654410" lon="105.7886160">
    <ele>7.7</ele>
   </trkpt>
   <trkpt lat="21.0654480" lon="105.7886050">
    <ele>7.7</ele>
   </trkpt>
   <trkpt lat="21.0654600" lon="105.7885830">
    <ele>7.7</ele>
   </trkpt>
   <trkpt lat="21.0654680" lon="105.7885420">
    <ele>7.8</ele>
   </trkpt>
   <trkpt lat="21.0654690" lon="105.7885270">
    <ele>7.8</ele>
   </trkpt>
   <trkpt lat="21.0654890" lon="105.7884900">
    <ele>7.8</ele>
   </trkpt>
   <trkpt lat="21.0654940" lon="105.7884750">
    <ele>7.8</ele>
   </trkpt>
   <trkpt lat="21.0655060" lon="105.7884440">
    <ele>7.8</ele>
   </trkpt>
   <trkpt lat="21.0655100" lon="105.7884020">
    <ele>7.8</ele>
   </trkpt>
   <trkpt lat="21.0655080" lon="105.7883860">
    <ele>7.8</ele>
   </trkpt>
   <trkpt lat="21.0655090" lon="105.7883460">
    <ele>7.8</ele>
   </trkpt>
   <trkpt lat="21.0655100" lon="105.7883320">
    <ele>7.8</ele>
   </trkpt>
   <trkpt lat="21.0655170" lon="105.7882970">
    <ele>7.8</ele>
   </trkpt>
   <trkpt lat="21.0655250" lon="105.7882680">
    <ele>7.8</ele>
   </trkpt>
   <trkpt lat="21.0655390" lon="105.7882290">
    <ele>7.9</ele>
   </trkpt>
   <trkpt lat="21.0655440" lon="105.7882130">
    <ele>7.9</ele>
   </trkpt>
   <trkpt lat="21.0655590" lon="105.7881810">
    <ele>7.9</ele>
   </trkpt>
   <trkpt lat="21.0655640" lon="105.7881470">
    <ele>7.9</ele>
   </trkpt>
   <trkpt lat="21.0655750" lon="105.7881180">
    <ele>7.9</ele>
   </trkpt>
   <trkpt lat="21.0655810" lon="105.7880880">
    <ele>7.9</ele>
   </trkpt>
   <trkpt lat="21.0655860" lon="105.7880560">
    <ele>7.9</ele>
   </trkpt>
   <trkpt lat="21.0655980" lon="105.7880290">
    <ele>7.9</ele>
   </trkpt>
   <trkpt lat="21.0656050" lon="105.7879990">
    <ele>7.9</ele>
   </trkpt>
   <trkpt lat="21.0656200" lon="105.7879690">
    <ele>8.0</ele>
   </trkpt>
   <trkpt lat="21.0656310" lon="105.7879420">
    <ele>8.0</ele>
   </trkpt>
   <trkpt lat="21.0656440" lon="105.7879150">
    <ele>8.0</ele>
   </trkpt>
   <trkpt lat="21.0656580" lon="105.7878860">
    <ele>8.0</ele>
   </trkpt>
   <trkpt lat="21.0656730" lon="105.7878620">
    <ele>8.0</ele>
   </trkpt>
   <trkpt lat="21.0656950" lon="105.7878290">
    <ele>8.0</ele>
   </trkpt>
   <trkpt lat="21.0657030" lon="105.7878190">
    <ele>8.0</ele>
   </trkpt>
   <trkpt lat="21.0657220" lon="105.7877970">
    <ele>8.0</ele>
   </trkpt>
   <trkpt lat="21.0657430" lon="105.7877740">
    <ele>8.0</ele>
   </trkpt>
   <trkpt lat="21.0657620" lon="105.7877540">
    <ele>8.0</ele>
   </trkpt>
   <trkpt lat="21.0657840" lon="105.7877330">
    <ele>8.0</ele>
   </trkpt>
   <trkpt lat="21.0658040" lon="105.7877100">
    <ele>8.0</ele>
   </trkpt>
   <trkpt lat="21.0658290" lon="105.7876930">
    <ele>8.0</ele>
   </trkpt>
   <trkpt lat="21.0658560" lon="105.7876630">
    <ele>8.0</ele>
   </trkpt>
   <trkpt lat="21.0658670" lon="105.7876530">
    <ele>8.0</ele>
   </trkpt>
   <trkpt lat="21.0658970" lon="105.7876280">
    <ele>8.1</ele>
   </trkpt>
   <trkpt lat="21.0659060" lon="105.7876170">
    <ele>8.1</ele>
   </trkpt>
   <trkpt lat="21.0659330" lon="105.7875900">
    <ele>8.1</ele>
   </trkpt>
   <trkpt lat="21.0659410" lon="105.7875810">
    <ele>8.1</ele>
   </trkpt>
   <trkpt lat="21.0659580" lon="105.7875580">
    <ele>8.1</ele>
   </trkpt>
   <trkpt lat="21.0659810" lon="105.7875350">
    <ele>8.1</ele>
   </trkpt>
   <trkpt lat="21.0660060" lon="105.7875070">
    <ele>8.1</ele>
   </trkpt>
   <trkpt lat="21.0660130" lon="105.7874960">
    <ele>8.1</ele>
   </trkpt>
   <trkpt lat="21.0660320" lon="105.7874710">
    <ele>8.1</ele>
   </trkpt>
   <trkpt lat="21.0660470" lon="105.7874430">
    <ele>8.1</ele>
   </trkpt>
   <trkpt lat="21.0660660" lon="105.7874060">
    <ele>8.2</ele>
   </trkpt>
   <trkpt lat="21.0660710" lon="105.7873940">
    <ele>8.2</ele>
   </trkpt>
   <trkpt lat="21.0660860" lon="105.7873540">
    <ele>8.2</ele>
   </trkpt>
   <trkpt lat="21.0660910" lon="105.7873400">
    <ele>8.2</ele>
   </trkpt>
   <trkpt lat="21.0661100" lon="105.7873040">
    <ele>8.2</ele>
   </trkpt>
   <trkpt lat="21.0661160" lon="105.7872890">
    <ele>8.2</ele>
   </trkpt>
   <trkpt lat="21.0661300" lon="105.7872620">
    <ele>8.2</ele>
   </trkpt>
   <trkpt lat="21.0661350" lon="105.7872520">
    <ele>8.2</ele>
   </trkpt>
   <trkpt lat="21.0661520" lon="105.7872210">
    <ele>8.3</ele>
   </trkpt>
   <trkpt lat="21.0661590" lon="105.7872100">
    <ele>8.3</ele>
   </trkpt>
   <trkpt lat="21.0661830" lon="105.7871750">
    <ele>8.3</ele>
   </trkpt>
   <trkpt lat="21.0661930" lon="105.7871630">
    <ele>8.3</ele>
   </trkpt>
   <trkpt lat="21.0662170" lon="105.7871480">
    <ele>8.3</ele>
   </trkpt>
   <trkpt lat="21.0662520" lon="105.7871380">
    <ele>8.3</ele>
   </trkpt>
   <trkpt lat="21.0662620" lon="105.7871320">
    <ele>8.3</ele>
   </trkpt>
   <trkpt lat="21.0662980" lon="105.7871210">
    <ele>8.3</ele>
   </trkpt>
   <trkpt lat="21.0663100" lon="105.7871160">
    <ele>8.3</ele>
   </trkpt>
   <trkpt lat="21.0663450" lon="105.7871030">
    <ele>8.3</ele>
   </trkpt>
   <trkpt lat="21.0663560" lon="105.7870970">
    <ele>8.3</ele>
   </trkpt>
   <trkpt lat="21.0663890" lon="105.7870810">
    <ele>8.3</ele>
   </trkpt>
   <trkpt lat="21.0664000" lon="105.7870760">
    <ele>8.3</ele>
   </trkpt>
   <trkpt lat="21.0664350" lon="105.7870630">
    <ele>8.3</ele>
   </trkpt>
   <trkpt lat="21.0664480" lon="105.7870590">
    <ele>8.3</ele>
   </trkpt>
   <trkpt lat="21.0664740" lon="105.7870500">
    <ele>8.4</ele>
   </trkpt>
   <trkpt lat="21.0665010" lon="105.7870390">
    <ele>8.4</ele>
   </trkpt>
   <trkpt lat="21.0665360" lon="105.7870240">
    <ele>8.4</ele>
   </trkpt>
   <trkpt lat="21.0665480" lon="105.7870220">
    <ele>8.4</ele>
   </trkpt>
   <trkpt lat="21.0665770" lon="105.7870190">
    <ele>8.4</ele>
   </trkpt>
   <trkpt lat="21.0666050" lon="105.7870110">
    <ele>8.4</ele>
   </trkpt>
   <trkpt lat="21.0666120" lon="105.7870070">
    <ele>8.4</ele>
   </trkpt>
   <trkpt lat="21.0666210" lon="105.7870000">
    <ele>8.4</ele>
   </trkpt>
   <trkpt lat="21.0666260" lon="105.7869980">
    <ele>8.4</ele>
   </trkpt>
   <trkpt lat="21.0666320" lon="105.7869960">
    <ele>8.4</ele>
   </trkpt>
   <trkpt lat="21.0666350" lon="105.7869890">
    <ele>8.4</ele>
   </trkpt>
   <trkpt lat="21.0666420" lon="105.7869830">
    <ele>8.4</ele>
   </trkpt>
   <trkpt lat="21.0666480" lon="105.7869770">
    <ele>8.4</ele>
   </trkpt>
   <trkpt lat="21.0666590" lon="105.7869720">
    <ele>8.4</ele>
   </trkpt>
   <trkpt lat="21.0666690" lon="105.7869670">
    <ele>8.4</ele>
   </trkpt>
   <trkpt lat="21.0666980" lon="105.7869480">
    <ele>8.4</ele>
   </trkpt>
   <trkpt lat="21.0667080" lon="105.7869400">
    <ele>8.4</ele>
   </trkpt>
   <trkpt lat="21.0667180" lon="105.7869310">
    <ele>8.4</ele>
   </trkpt>
   <trkpt lat="21.0667390" lon="105.7869170">
    <ele>8.4</ele>
   </trkpt>
   <trkpt lat="21.0667470" lon="105.7869130">
    <ele>8.4</ele>
   </trkpt>
   <trkpt lat="21.0667640" lon="105.7869040">
    <ele>8.4</ele>
   </trkpt>
   <trkpt lat="21.0667750" lon="105.7868990">
    <ele>8.4</ele>
   </trkpt>
   <trkpt lat="21.0667960" lon="105.7868870">
    <ele>8.4</ele>
   </trkpt>
   <trkpt lat="21.0668060" lon="105.7868810">
    <ele>8.4</ele>
   </trkpt>
   <trkpt lat="21.0668240" lon="105.7868710">
    <ele>8.4</ele>
   </trkpt>
   <trkpt lat="21.0668350" lon="105.7868640">
    <ele>8.4</ele>
   </trkpt>
   <trkpt lat="21.0668450" lon="105.7868580">
    <ele>8.4</ele>
   </trkpt>
   <trkpt lat="21.0668520" lon="105.7868520">
    <ele>8.4</ele>
   </trkpt>
   <trkpt lat="21.0668610" lon="105.7868450">
    <ele>8.4</ele>
   </trkpt>
   <trkpt lat="21.0668670" lon="105.7868370">
    <ele>8.4</ele>
   </trkpt>
   <trkpt lat="21.0668760" lon="105.7868310">
    <ele>8.4</ele>
   </trkpt>
   <trkpt lat="21.0668840" lon="105.7868250">
    <ele>8.4</ele>
   </trkpt>
   <trkpt lat="21.0668930" lon="105.7868180">
    <ele>8.5</ele>
   </trkpt>
   <trkpt lat="21.0669090" lon="105.7868060">
    <ele>8.5</ele>
   </trkpt>
   <trkpt lat="21.0669160" lon="105.7868010">
    <ele>8.5</ele>
   </trkpt>
   <trkpt lat="21.0669240" lon="105.7867960">
    <ele>8.5</ele>
   </trkpt>
   <trkpt lat="21.0669330" lon="105.7867900">
    <ele>8.5</ele>
   </trkpt>
   <trkpt lat="21.0669440" lon="105.7867840">
    <ele>8.5</ele>
   </trkpt>
   <trkpt lat="21.0669530" lon="105.7867780">
    <ele>8.5</ele>
   </trkpt>
   <trkpt lat="21.0669610" lon="105.7867710">
    <ele>8.5</ele>
   </trkpt>
   <trkpt lat="21.0669700" lon="105.7867620">
    <ele>8.5</ele>
   </trkpt>
   <trkpt lat="21.0669790" lon="105.7867540">
    <ele>8.5</ele>
   </trkpt>
   <trkpt lat="21.0669880" lon="105.7867450">
    <ele>8.5</ele>
   </trkpt>
   <trkpt lat="21.0669980" lon="105.7867370">
    <ele>8.5</ele>
   </trkpt>
   <trkpt lat="21.0670070" lon="105.7867300">
    <ele>8.5</ele>
   </trkpt>
   <trkpt lat="21.0670140" lon="105.7867220">
    <ele>8.5</ele>
   </trkpt>
   <trkpt lat="21.0670220" lon="105.7867160">
    <ele>8.5</ele>
   </trkpt>
   <trkpt lat="21.0670310" lon="105.7867090">
    <ele>8.5</ele>
   </trkpt>
   <trkpt lat="21.0670390" lon="105.7866980">
    <ele>8.5</ele>
   </trkpt>
   <trkpt lat="21.0670460" lon="105.7866890">
    <ele>8.5</ele>
   </trkpt>
   <trkpt lat="21.0670530" lon="105.7866790">
    <ele>8.5</ele>
   </trkpt>
   <trkpt lat="21.0670630" lon="105.7866700">
    <ele>8.5</ele>
   </trkpt>
   <trkpt lat="21.0670700" lon="105.7866610">
    <ele>8.5</ele>
   </trkpt>
   <trkpt lat="21.0670760" lon="105.7866520">
    <ele>8.5</ele>
   </trkpt>
   <trkpt lat="21.0670920" lon="105.7866350">
    <ele>8.5</ele>
   </trkpt>
   <trkpt lat="21.0670980" lon="105.7866280">
    <ele>8.5</ele>
   </trkpt>
   <trkpt lat="21.0671050" lon="105.7866210">
    <ele>8.5</ele>
   </trkpt>
   <trkpt lat="21.0671200" lon="105.7866050">
    <ele>8.5</ele>
   </trkpt>
   <trkpt lat="21.0671250" lon="105.7865970">
    <ele>8.5</ele>
   </trkpt>
   <trkpt lat="21.0671310" lon="105.7865900">
    <ele>8.5</ele>
   </trkpt>
   <trkpt lat="21.0671390" lon="105.7865800">
    <ele>8.5</ele>
   </trkpt>
   <trkpt lat="21.0671480" lon="105.7865710">
    <ele>8.5</ele>
   </trkpt>
   <trkpt lat="21.0671580" lon="105.7865650">
    <ele>8.5</ele>
   </trkpt>
   <trkpt lat="21.0671710" lon="105.7865610">
    <ele>8.5</ele>
   </trkpt>
   <trkpt lat="21.0671830" lon="105.7865510">
    <ele>8.5</ele>
   </trkpt>
   <trkpt lat="21.0671980" lon="105.7865370">
    <ele>8.5</ele>
   </trkpt>
   <trkpt lat="21.0672040" lon="105.7865310">
    <ele>8.5</ele>
   </trkpt>
   <trkpt lat="21.0672100" lon="105.7865250">
    <ele>8.5</ele>
   </trkpt>
   <trkpt lat="21.0672160" lon="105.7865150">
    <ele>8.5</ele>
   </trkpt>
   <trkpt lat="21.0672220" lon="105.7865030">
    <ele>8.5</ele>
   </trkpt>
   <trkpt lat="21.0672290" lon="105.7864950">
    <ele>8.5</ele>
   </trkpt>
   <trkpt lat="21.0672350" lon="105.7864870">
    <ele>8.5</ele>
   </trkpt>
   <trkpt lat="21.0672440" lon="105.7864760">
    <ele>8.5</ele>
   </trkpt>
   <trkpt lat="21.0672510" lon="105.7864660">
    <ele>8.5</ele>
   </trkpt>
   <trkpt lat="21.0672550" lon="105.7864550">
    <ele>8.5</ele>
   </trkpt>
   <trkpt lat="21.0672570" lon="105.7864410">
    <ele>8.5</ele>
   </trkpt>
   <trkpt lat="21.0672560" lon="105.7864280">
    <ele>8.5</ele>
   </trkpt>
   <trkpt lat="21.0672550" lon="105.7864030">
    <ele>8.5</ele>
   </trkpt>
   <trkpt lat="21.0672560" lon="105.7863940">
    <ele>8.5</ele>
   </trkpt>
   <trkpt lat="21.0672570" lon="105.7863850">
    <ele>8.5</ele>
   </trkpt>
   <trkpt lat="21.0672550" lon="105.7863740">
    <ele>8.5</ele>
   </trkpt>
   <trkpt lat="21.0672610" lon="105.7863610">
    <ele>8.5</ele>
   </trkpt>
   <trkpt lat="21.0672590" lon="105.7863490">
    <ele>8.5</ele>
   </trkpt>
   <trkpt lat="21.0672580" lon="105.7863420">
    <ele>8.5</ele>
   </trkpt>
   <trkpt lat="21.0672570" lon="105.7863240">
    <ele>8.5</ele>
   </trkpt>
   <trkpt lat="21.0672530" lon="105.7863130">
    <ele>8.5</ele>
   </trkpt>
   <trkpt lat="21.0672540" lon="105.7863020">
    <ele>8.5</ele>
   </trkpt>
   <trkpt lat="21.0672480" lon="105.7862920">
    <ele>8.5</ele>
   </trkpt>
   <trkpt lat="21.0672440" lon="105.7862840">
    <ele>8.5</ele>
   </trkpt>
   <trkpt lat="21.0672440" lon="105.7862770">
    <ele>8.5</ele>
   </trkpt>
   <trkpt lat="21.0672400" lon="105.7862650">
    <ele>8.5</ele>
   </trkpt>
   <trkpt lat="21.0672320" lon="105.7862540">
    <ele>8.5</ele>
   </trkpt>
   <trkpt lat="21.0672270" lon="105.7862440">
    <ele>8.5</ele>
   </trkpt>
   <trkpt lat="21.0672210" lon="105.7862270">
    <ele>8.5</ele>
   </trkpt>
   <trkpt lat="21.0672160" lon="105.7862070">
    <ele>8.5</ele>
   </trkpt>
   <trkpt lat="21.0672140" lon="105.7861970">
    <ele>8.5</ele>
   </trkpt>
   <trkpt lat="21.0672110" lon="105.7861870">
    <ele>8.5</ele>
   </trkpt>
   <trkpt lat="21.0672080" lon="105.7861820">
    <ele>8.5</ele>
   </trkpt>
   <trkpt lat="21.0672020" lon="105.7861670">
    <ele>8.5</ele>
   </trkpt>
   <trkpt lat="21.0671930" lon="105.7861560">
    <ele>8.5</ele>
   </trkpt>
   <trkpt lat="21.0671820" lon="105.7861410">
    <ele>8.5</ele>
   </trkpt>
   <trkpt lat="21.0671780" lon="105.7861320">
    <ele>8.5</ele>
   </trkpt>
   <trkpt lat="21.0671740" lon="105.7861220">
    <ele>8.5</ele>
   </trkpt>
   <trkpt lat="21.0671690" lon="105.7861140">
    <ele>8.5</ele>
   </trkpt>
   <trkpt lat="21.0671590" lon="105.7861030">
    <ele>8.5</ele>
   </trkpt>
   <trkpt lat="21.0671550" lon="105.7860910">
    <ele>8.5</ele>
   </trkpt>
   <trkpt lat="21.0671490" lon="105.7860800">
    <ele>8.5</ele>
   </trkpt>
   <trkpt lat="21.0671420" lon="105.7860640">
    <ele>8.5</ele>
   </trkpt>
   <trkpt lat="21.0671370" lon="105.7860560">
    <ele>8.5</ele>
   </trkpt>
   <trkpt lat="21.0671300" lon="105.7860430">
    <ele>8.5</ele>
   </trkpt>
   <trkpt lat="21.0671270" lon="105.7860310">
    <ele>8.5</ele>
   </trkpt>
   <trkpt lat="21.0671130" lon="105.7860130">
    <ele>8.5</ele>
   </trkpt>
   <trkpt lat="21.0671060" lon="105.7860010">
    <ele>8.5</ele>
   </trkpt>
   <trkpt lat="21.0671000" lon="105.7859900">
    <ele>8.5</ele>
   </trkpt>
   <trkpt lat="21.0670980" lon="105.7859840">
    <ele>8.5</ele>
   </trkpt>
   <trkpt lat="21.0670900" lon="105.7859710">
    <ele>8.5</ele>
   </trkpt>
   <trkpt lat="21.0670810" lon="105.7859580">
    <ele>8.5</ele>
   </trkpt>
   <trkpt lat="21.0670760" lon="105.7859440">
    <ele>8.5</ele>
   </trkpt>
   <trkpt lat="21.0670770" lon="105.7859370">
    <ele>8.5</ele>
   </trkpt>
   <trkpt lat="21.0670640" lon="105.7859240">
    <ele>8.5</ele>
   </trkpt>
   <trkpt lat="21.0670600" lon="105.7859080">
    <ele>8.5</ele>
   </trkpt>
   <trkpt lat="21.0670520" lon="105.7858880">
    <ele>8.5</ele>
   </trkpt>
   <trkpt lat="21.0670430" lon="105.7858750">
    <ele>8.4</ele>
   </trkpt>
   <trkpt lat="21.0670330" lon="105.7858590">
    <ele>8.4</ele>
   </trkpt>
   <trkpt lat="21.0670240" lon="105.7858460">
    <ele>8.4</ele>
   </trkpt>
   <trkpt lat="21.0670150" lon="105.7858360">
    <ele>8.4</ele>
   </trkpt>
   <trkpt lat="21.0670090" lon="105.7858260">
    <ele>8.4</ele>
   </trkpt>
   <trkpt lat="21.0670030" lon="105.7858140">
    <ele>8.4</ele>
   </trkpt>
   <trkpt lat="21.0670030" lon="105.7858050">
    <ele>8.4</ele>
   </trkpt>
   <trkpt lat="21.0670000" lon="105.7857850">
    <ele>8.4</ele>
   </trkpt>
   <trkpt lat="21.0669960" lon="105.7857700">
    <ele>8.4</ele>
   </trkpt>
   <trkpt lat="21.0669950" lon="105.7857630">
    <ele>8.4</ele>
   </trkpt>
   <trkpt lat="21.0669880" lon="105.7857540">
    <ele>8.4</ele>
   </trkpt>
   <trkpt lat="21.0669770" lon="105.7857440">
    <ele>8.4</ele>
   </trkpt>
   <trkpt lat="21.0669630" lon="105.7857250">
    <ele>8.4</ele>
   </trkpt>
   <trkpt lat="21.0669570" lon="105.7857180">
    <ele>8.4</ele>
   </trkpt>
   <trkpt lat="21.0669520" lon="105.7857120">
    <ele>8.4</ele>
   </trkpt>
   <trkpt lat="21.0669430" lon="105.7857050">
    <ele>8.4</ele>
   </trkpt>
   <trkpt lat="21.0669340" lon="105.7857090">
    <ele>8.3</ele>
   </trkpt>
   <trkpt lat="21.0669210" lon="105.7857020">
    <ele>8.3</ele>
   </trkpt>
   <trkpt lat="21.0669000" lon="105.7856980">
    <ele>8.3</ele>
   </trkpt>
   <trkpt lat="21.0668910" lon="105.7856940">
    <ele>8.3</ele>
   </trkpt>
   <trkpt lat="21.0668810" lon="105.7856910">
    <ele>8.3</ele>
   </trkpt>
   <trkpt lat="21.0668640" lon="105.7856860">
    <ele>8.3</ele>
   </trkpt>
   <trkpt lat="21.0668540" lon="105.7856860">
    <ele>8.3</ele>
   </trkpt>
   <trkpt lat="21.0668430" lon="105.7856790">
    <ele>8.3</ele>
   </trkpt>
   <trkpt lat="21.0668270" lon="105.7856770">
    <ele>8.3</ele>
   </trkpt>
   <trkpt lat="21.0668120" lon="105.7856700">
    <ele>8.2</ele>
   </trkpt>
   <trkpt lat="21.0667990" lon="105.7856670">
    <ele>8.2</ele>
   </trkpt>
   <trkpt lat="21.0667790" lon="105.7856620">
    <ele>8.2</ele>
   </trkpt>
   <trkpt lat="21.0667700" lon="105.7856620">
    <ele>8.2</ele>
   </trkpt>
   <trkpt lat="21.0667580" lon="105.7856550">
    <ele>8.2</ele>
   </trkpt>
   <trkpt lat="21.0667430" lon="105.7856510">
    <ele>8.2</ele>
   </trkpt>
   <trkpt lat="21.0667260" lon="105.7856500">
    <ele>8.2</ele>
   </trkpt>
   <trkpt lat="21.0667140" lon="105.7856480">
    <ele>8.2</ele>
   </trkpt>
   <trkpt lat="21.0666890" lon="105.7856400">
    <ele>8.2</ele>
   </trkpt>
   <trkpt lat="21.0666820" lon="105.7856370">
    <ele>8.2</ele>
   </trkpt>
   <trkpt lat="21.0666750" lon="105.7856330">
    <ele>8.2</ele>
   </trkpt>
   <trkpt lat="21.0666520" lon="105.7856310">
    <ele>8.2</ele>
   </trkpt>
   <trkpt lat="21.0666420" lon="105.7856320">
    <ele>8.2</ele>
   </trkpt>
   <trkpt lat="21.0666330" lon="105.7856320">
    <ele>8.1</ele>
   </trkpt>
   <trkpt lat="21.0666150" lon="105.7856300">
    <ele>8.1</ele>
   </trkpt>
   <trkpt lat="21.0666050" lon="105.7856280">
    <ele>8.1</ele>
   </trkpt>
   <trkpt lat="21.0665950" lon="105.7856270">
    <ele>8.1</ele>
   </trkpt>
   <trkpt lat="21.0665740" lon="105.7856310">
    <ele>8.1</ele>
   </trkpt>
   <trkpt lat="21.0665650" lon="105.7856300">
    <ele>8.1</ele>
   </trkpt>
   <trkpt lat="21.0665560" lon="105.7856280">
    <ele>8.1</ele>
   </trkpt>
   <trkpt lat="21.0665330" lon="105.7856300">
    <ele>8.1</ele>
   </trkpt>
   <trkpt lat="21.0665250" lon="105.7856290">
    <ele>8.1</ele>
   </trkpt>
   <trkpt lat="21.0665160" lon="105.7856270">
    <ele>8.1</ele>
   </trkpt>
   <trkpt lat="21.0665000" lon="105.7856290">
    <ele>8.1</ele>
   </trkpt>
   <trkpt lat="21.0664880" lon="105.7856290">
    <ele>8.1</ele>
   </trkpt>
   <trkpt lat="21.0664730" lon="105.7856290">
    <ele>8.1</ele>
   </trkpt>
   <trkpt lat="21.0664570" lon="105.7856330">
    <ele>8.1</ele>
   </trkpt>
   <trkpt lat="21.0664430" lon="105.7856360">
    <ele>8.1</ele>
   </trkpt>
   <trkpt lat="21.0664270" lon="105.7856390">
    <ele>8.1</ele>
   </trkpt>
   <trkpt lat="21.0664120" lon="105.7856400">
    <ele>8.1</ele>
   </trkpt>
   <trkpt lat="21.0663940" lon="105.7856350">
    <ele>8.1</ele>
   </trkpt>
   <trkpt lat="21.0663710" lon="105.7856360">
    <ele>8.1</ele>
   </trkpt>
   <trkpt lat="21.0663600" lon="105.7856380">
    <ele>8.1</ele>
   </trkpt>
   <trkpt lat="21.0663500" lon="105.7856390">
    <ele>8.1</ele>
   </trkpt>
   <trkpt lat="21.0663400" lon="105.7856410">
    <ele>8.1</ele>
   </trkpt>
   <trkpt lat="21.0663190" lon="105.7856430">
    <ele>8.1</ele>
   </trkpt>
   <trkpt lat="21.0663070" lon="105.7856430">
    <ele>8.1</ele>
   </trkpt>
   <trkpt lat="21.0662920" lon="105.7856470">
    <ele>8.1</ele>
   </trkpt>
   <trkpt lat="21.0662780" lon="105.7856530">
    <ele>8.1</ele>
   </trkpt>
   <trkpt lat="21.0662610" lon="105.7856570">
    <ele>8.0</ele>
   </trkpt>
   <trkpt lat="21.0662500" lon="105.7856690">
    <ele>8.0</ele>
   </trkpt>
   <trkpt lat="21.0662320" lon="105.7856770">
    <ele>8.0</ele>
   </trkpt>
   <trkpt lat="21.0662130" lon="105.7856850">
    <ele>8.0</ele>
   </trkpt>
   <trkpt lat="21.0662020" lon="105.7856890">
    <ele>8.0</ele>
   </trkpt>
   <trkpt lat="21.0661920" lon="105.7856930">
    <ele>8.0</ele>
   </trkpt>
   <trkpt lat="21.0661840" lon="105.7856980">
    <ele>8.0</ele>
   </trkpt>
   <trkpt lat="21.0661720" lon="105.7857170">
    <ele>8.0</ele>
   </trkpt>
   <trkpt lat="21.0661550" lon="105.7857240">
    <ele>8.0</ele>
   </trkpt>
   <trkpt lat="21.0661430" lon="105.7857270">
    <ele>8.0</ele>
   </trkpt>
   <trkpt lat="21.0661320" lon="105.7857290">
    <ele>8.0</ele>
   </trkpt>
   <trkpt lat="21.0661200" lon="105.7857340">
    <ele>8.0</ele>
   </trkpt>
   <trkpt lat="21.0661070" lon="105.7857370">
    <ele>8.0</ele>
   </trkpt>
   <trkpt lat="21.0660990" lon="105.7857440">
    <ele>8.1</ele>
   </trkpt>
   <trkpt lat="21.0660860" lon="105.7857580">
    <ele>8.1</ele>
   </trkpt>
   <trkpt lat="21.0660780" lon="105.7857650">
    <ele>8.1</ele>
   </trkpt>
   <trkpt lat="21.0660600" lon="105.7857780">
    <ele>8.1</ele>
   </trkpt>
   <trkpt lat="21.0660520" lon="105.7857860">
    <ele>8.1</ele>
   </trkpt>
   <trkpt lat="21.0660450" lon="105.7857940">
    <ele>8.1</ele>
   </trkpt>
   <trkpt lat="21.0660290" lon="105.7858110">
    <ele>8.1</ele>
   </trkpt>
   <trkpt lat="21.0660210" lon="105.7858180">
    <ele>8.1</ele>
   </trkpt>
   <trkpt lat="21.0660140" lon="105.7858240">
    <ele>8.1</ele>
   </trkpt>
   <trkpt lat="21.0660000" lon="105.7858400">
    <ele>8.1</ele>
   </trkpt>
   <trkpt lat="21.0659950" lon="105.7858470">
    <ele>8.1</ele>
   </trkpt>
   <trkpt lat="21.0659890" lon="105.7858540">
    <ele>8.1</ele>
   </trkpt>
   <trkpt lat="21.0659780" lon="105.7858690">
    <ele>8.1</ele>
   </trkpt>
   <trkpt lat="21.0659700" lon="105.7858790">
    <ele>8.1</ele>
   </trkpt>
   <trkpt lat="21.0659550" lon="105.7859010">
    <ele>8.1</ele>
   </trkpt>
   <trkpt lat="21.0659510" lon="105.7859080">
    <ele>8.1</ele>
   </trkpt>
   <trkpt lat="21.0659480" lon="105.7859150">
    <ele>8.1</ele>
   </trkpt>
   <trkpt lat="21.0659380" lon="105.7859300">
    <ele>8.1</ele>
   </trkpt>
   <trkpt lat="21.0659270" lon="105.7859430">
    <ele>8.1</ele>
   </trkpt>
   <trkpt lat="21.0659180" lon="105.7859540">
    <ele>8.1</ele>
   </trkpt>
   <trkpt lat="21.0659100" lon="105.7859680">
    <ele>8.1</ele>
   </trkpt>
   <trkpt lat="21.0659030" lon="105.7859740">
    <ele>8.1</ele>
   </trkpt>
   <trkpt lat="21.0658930" lon="105.7859830">
    <ele>8.1</ele>
   </trkpt>
   <trkpt lat="21.0658830" lon="105.7859930">
    <ele>8.1</ele>
   </trkpt>
   <trkpt lat="21.0658640" lon="105.7860040">
    <ele>8.0</ele>
   </trkpt>
   <trkpt lat="21.0658550" lon="105.7860110">
    <ele>8.0</ele>
   </trkpt>
   <trkpt lat="21.0658460" lon="105.7860180">
    <ele>8.0</ele>
   </trkpt>
   <trkpt lat="21.0658230" lon="105.7860290">
    <ele>8.0</ele>
   </trkpt>
   <trkpt lat="21.0658150" lon="105.7860310">
    <ele>8.0</ele>
   </trkpt>
   <trkpt lat="21.0658060" lon="105.7860340">
    <ele>8.0</ele>
   </trkpt>
   <trkpt lat="21.0657940" lon="105.7860350">
    <ele>8.0</ele>
   </trkpt>
   <trkpt lat="21.0657840" lon="105.7860400">
    <ele>8.0</ele>
   </trkpt>
   <trkpt lat="21.0657720" lon="105.7860350">
    <ele>8.0</ele>
   </trkpt>
   <trkpt lat="21.0657570" lon="105.7860250">
    <ele>8.0</ele>
   </trkpt>
   <trkpt lat="21.0657510" lon="105.7860170">
    <ele>8.0</ele>
   </trkpt>
   <trkpt lat="21.0657400" lon="105.7860160">
    <ele>8.0</ele>
   </trkpt>
   <trkpt lat="21.0657230" lon="105.7860200">
    <ele>8.0</ele>
   </trkpt>
   <trkpt lat="21.0657110" lon="105.7860200">
    <ele>8.0</ele>
   </trkpt>
   <trkpt lat="21.0656950" lon="105.7860230">
    <ele>8.0</ele>
   </trkpt>
   <trkpt lat="21.0656780" lon="105.7860260">
    <ele>8.0</ele>
   </trkpt>
   <trkpt lat="21.0656680" lon="105.7860260">
    <ele>8.0</ele>
   </trkpt>
   <trkpt lat="21.0656570" lon="105.7860270">
    <ele>8.0</ele>
   </trkpt>
   <trkpt lat="21.0656470" lon="105.7860200">
    <ele>8.0</ele>
   </trkpt>
   <trkpt lat="21.0656360" lon="105.7860200">
    <ele>8.0</ele>
   </trkpt>
   <trkpt lat="21.0656250" lon="105.7860180">
    <ele>8.0</ele>
   </trkpt>
   <trkpt lat="21.0656080" lon="105.7860140">
    <ele>8.0</ele>
   </trkpt>
   <trkpt lat="21.0655980" lon="105.7860050">
    <ele>8.0</ele>
   </trkpt>
   <trkpt lat="21.0655830" lon="105.7859960">
    <ele>8.0</ele>
   </trkpt>
   <trkpt lat="21.0655730" lon="105.7859920">
    <ele>8.0</ele>
   </trkpt>
   <trkpt lat="21.0655620" lon="105.7859830">
    <ele>8.0</ele>
   </trkpt>
   <trkpt lat="21.0655470" lon="105.7859740">
    <ele>8.0</ele>
   </trkpt>
   <trkpt lat="21.0655350" lon="105.7859660">
    <ele>8.0</ele>
   </trkpt>
   <trkpt lat="21.0655270" lon="105.7859600">
    <ele>8.0</ele>
   </trkpt>
   <trkpt lat="21.0655200" lon="105.7859530">
    <ele>8.0</ele>
   </trkpt>
   <trkpt lat="21.0655120" lon="105.7859470">
    <ele>8.0</ele>
   </trkpt>
   <trkpt lat="21.0655000" lon="105.7859410">
    <ele>8.0</ele>
   </trkpt>
   <trkpt lat="21.0654880" lon="105.7859280">
    <ele>8.0</ele>
   </trkpt>
   <trkpt lat="21.0654840" lon="105.7859220">
    <ele>8.0</ele>
   </trkpt>
   <trkpt lat="21.0654760" lon="105.7859120">
    <ele>8.0</ele>
   </trkpt>
   <trkpt lat="21.0654740" lon="105.7859060">
    <ele>8.0</ele>
   </trkpt>
   <trkpt lat="21.0654660" lon="105.7859010">
    <ele>8.0</ele>
   </trkpt>
   <trkpt lat="21.0654600" lon="105.7858900">
    <ele>8.0</ele>
   </trkpt>
   <trkpt lat="21.0654550" lon="105.7858810">
    <ele>8.0</ele>
   </trkpt>
   <trkpt lat="21.0654500" lon="105.7858730">
    <ele>8.0</ele>
   </trkpt>
   <trkpt lat="21.0654420" lon="105.7858590">
    <ele>8.0</ele>
   </trkpt>
   <trkpt lat="21.0654310" lon="105.7858460">
    <ele>8.0</ele>
   </trkpt>
   <trkpt lat="21.0654280" lon="105.7858410">
    <ele>8.0</ele>
   </trkpt>
   <trkpt lat="21.0654210" lon="105.7858280">
    <ele>8.0</ele>
   </trkpt>
   <trkpt lat="21.0654130" lon="105.7858190">
    <ele>8.0</ele>
   </trkpt>
   <trkpt lat="21.0654090" lon="105.7858030">
    <ele>8.0</ele>
   </trkpt>
   <trkpt lat="21.0654040" lon="105.7857860">
    <ele>8.0</ele>
   </trkpt>
   <trkpt lat="21.0653990" lon="105.7857790">
    <ele>8.0</ele>
   </trkpt>
   <trkpt lat="21.0653950" lon="105.7857670">
    <ele>8.0</ele>
   </trkpt>
   <trkpt lat="21.0653850" lon="105.7857560">
    <ele>8.0</ele>
   </trkpt>
   <trkpt lat="21.0653790" lon="105.7857500">
    <ele>8.0</ele>
   </trkpt>
   <trkpt lat="21.0653710" lon="105.7857390">
    <ele>8.0</ele>
   </trkpt>
   <trkpt lat="21.0653650" lon="105.7857240">
    <ele>8.0</ele>
   </trkpt>
   <trkpt lat="21.0653570" lon="105.7857130">
    <ele>8.0</ele>
   </trkpt>
   <trkpt lat="21.0653510" lon="105.7857000">
    <ele>8.0</ele>
   </trkpt>
   <trkpt lat="21.0653450" lon="105.7856920">
    <ele>8.0</ele>
   </trkpt>
   <trkpt lat="21.0653380" lon="105.7856790">
    <ele>8.0</ele>
   </trkpt>
   <trkpt lat="21.0653330" lon="105.7856680">
    <ele>8.0</ele>
   </trkpt>
   <trkpt lat="21.0653270" lon="105.7856580">
    <ele>8.0</ele>
   </trkpt>
   <trkpt lat="21.0653200" lon="105.7856430">
    <ele>8.0</ele>
   </trkpt>
   <trkpt lat="21.0653140" lon="105.7856260">
    <ele>8.0</ele>
   </trkpt>
   <trkpt lat="21.0653060" lon="105.7856200">
    <ele>8.0</ele>
   </trkpt>
   <trkpt lat="21.0652960" lon="105.7855990">
    <ele>8.0</ele>
   </trkpt>
   <trkpt lat="21.0652890" lon="105.7855980">
    <ele>8.0</ele>
   </trkpt>
   <trkpt lat="21.0652780" lon="105.7855940">
    <ele>8.0</ele>
   </trkpt>
   <trkpt lat="21.0652660" lon="105.7855840">
    <ele>8.0</ele>
   </trkpt>
   <trkpt lat="21.0652490" lon="105.7855730">
    <ele>8.0</ele>
   </trkpt>
   <trkpt lat="21.0652410" lon="105.7855670">
    <ele>8.0</ele>
   </trkpt>
   <trkpt lat="21.0652330" lon="105.7855620">
    <ele>8.0</ele>
   </trkpt>
   <trkpt lat="21.0652220" lon="105.7855570">
    <ele>8.0</ele>
   </trkpt>
   <trkpt lat="21.0652100" lon="105.7855450">
    <ele>8.0</ele>
   </trkpt>
   <trkpt lat="21.0651950" lon="105.7855310">
    <ele>8.0</ele>
   </trkpt>
   <trkpt lat="21.0651890" lon="105.7855230">
    <ele>8.0</ele>
   </trkpt>
   <trkpt lat="21.0651820" lon="105.7855150">
    <ele>8.0</ele>
   </trkpt>
   <trkpt lat="21.0651680" lon="105.7854960">
    <ele>8.0</ele>
   </trkpt>
   <trkpt lat="21.0651610" lon="105.7854910">
    <ele>8.0</ele>
   </trkpt>
   <trkpt lat="21.0651540" lon="105.7854850">
    <ele>8.0</ele>
   </trkpt>
   <trkpt lat="21.0651480" lon="105.7854790">
    <ele>8.0</ele>
   </trkpt>
   <trkpt lat="21.0651390" lon="105.7854670">
    <ele>8.0</ele>
   </trkpt>
   <trkpt lat="21.0651270" lon="105.7854590">
    <ele>7.9</ele>
   </trkpt>
   <trkpt lat="21.0651170" lon="105.7854470">
    <ele>7.9</ele>
   </trkpt>
   <trkpt lat="21.0651060" lon="105.7854350">
    <ele>7.9</ele>
   </trkpt>
   <trkpt lat="21.0650960" lon="105.7854250">
    <ele>7.9</ele>
   </trkpt>
   <trkpt lat="21.0650880" lon="105.7854180">
    <ele>7.9</ele>
   </trkpt>
   <trkpt lat="21.0650840" lon="105.7854150">
    <ele>7.9</ele>
   </trkpt>
   <trkpt lat="21.0650740" lon="105.7854100">
    <ele>7.9</ele>
   </trkpt>
   <trkpt lat="21.0650570" lon="105.7853890">
    <ele>7.9</ele>
   </trkpt>
   <trkpt lat="21.0650530" lon="105.7853890">
    <ele>7.9</ele>
   </trkpt>
   <trkpt lat="21.0650400" lon="105.7853810">
    <ele>7.9</ele>
   </trkpt>
   <trkpt lat="21.0650290" lon="105.7853720">
    <ele>7.9</ele>
   </trkpt>
   <trkpt lat="21.0650190" lon="105.7853690">
    <ele>7.9</ele>
   </trkpt>
   <trkpt lat="21.0650010" lon="105.7853590">
    <ele>7.9</ele>
   </trkpt>
   <trkpt lat="21.0649810" lon="105.7853540">
    <ele>7.9</ele>
   </trkpt>
   <trkpt lat="21.0649730" lon="105.7853490">
    <ele>7.9</ele>
   </trkpt>
   <trkpt lat="21.0649650" lon="105.7853440">
    <ele>7.9</ele>
   </trkpt>
   <trkpt lat="21.0649560" lon="105.7853410">
    <ele>7.9</ele>
   </trkpt>
   <trkpt lat="21.0649470" lon="105.7853350">
    <ele>7.9</ele>
   </trkpt>
   <trkpt lat="21.0649310" lon="105.7853330">
    <ele>7.9</ele>
   </trkpt>
   <trkpt lat="21.0649140" lon="105.7853230">
    <ele>7.9</ele>
   </trkpt>
   <trkpt lat="21.0649060" lon="105.7853200">
    <ele>7.9</ele>
   </trkpt>
   <trkpt lat="21.0648910" lon="105.7853160">
    <ele>7.9</ele>
   </trkpt>
   <trkpt lat="21.0648770" lon="105.7853140">
    <ele>7.9</ele>
   </trkpt>
   <trkpt lat="21.0648620" lon="105.7853030">
    <ele>7.9</ele>
   </trkpt>
   <trkpt lat="21.0648470" lon="105.7852930">
    <ele>7.9</ele>
   </trkpt>
   <trkpt lat="21.0648400" lon="105.7852890">
    <ele>7.9</ele>
   </trkpt>
   <trkpt lat="21.0648210" lon="105.7852770">
    <ele>7.9</ele>
   </trkpt>
   <trkpt lat="21.0648030" lon="105.7852670">
    <ele>7.9</ele>
   </trkpt>
   <trkpt lat="21.0647940" lon="105.7852620">
    <ele>7.9</ele>
   </trkpt>
   <trkpt lat="21.0647850" lon="105.7852580">
    <ele>7.9</ele>
   </trkpt>
   <trkpt lat="21.0647650" lon="105.7852530">
    <ele>7.9</ele>
   </trkpt>
   <trkpt lat="21.0647560" lon="105.7852530">
    <ele>7.9</ele>
   </trkpt>
   <trkpt lat="21.0647470" lon="105.7852520">
    <ele>7.9</ele>
   </trkpt>
   <trkpt lat="21.0647260" lon="105.7852490">
    <ele>7.9</ele>
   </trkpt>
   <trkpt lat="21.0647160" lon="105.7852500">
    <ele>7.9</ele>
   </trkpt>
   <trkpt lat="21.0647050" lon="105.7852500">
    <ele>7.9</ele>
   </trkpt>
   <trkpt lat="21.0646870" lon="105.7852480">
    <ele>7.9</ele>
   </trkpt>
   <trkpt lat="21.0646770" lon="105.7852530">
    <ele>7.9</ele>
   </trkpt>
   <trkpt lat="21.0646580" lon="105.7852520">
    <ele>7.9</ele>
   </trkpt>
   <trkpt lat="21.0646410" lon="105.7852480">
    <ele>7.9</ele>
   </trkpt>
   <trkpt lat="21.0646270" lon="105.7852420">
    <ele>7.9</ele>
   </trkpt>
   <trkpt lat="21.0646110" lon="105.7852410">
    <ele>7.9</ele>
   </trkpt>
   <trkpt lat="21.0646000" lon="105.7852420">
    <ele>7.9</ele>
   </trkpt>
   <trkpt lat="21.0645880" lon="105.7852410">
    <ele>7.9</ele>
   </trkpt>
   <trkpt lat="21.0645780" lon="105.7852480">
    <ele>7.9</ele>
   </trkpt>
   <trkpt lat="21.0645650" lon="105.7852510">
    <ele>7.9</ele>
   </trkpt>
   <trkpt lat="21.0645520" lon="105.7852520">
    <ele>7.9</ele>
   </trkpt>
   <trkpt lat="21.0645430" lon="105.7852520">
    <ele>7.9</ele>
   </trkpt>
   <trkpt lat="21.0645210" lon="105.7852520">
    <ele>7.9</ele>
   </trkpt>
   <trkpt lat="21.0645120" lon="105.7852510">
    <ele>7.9</ele>
   </trkpt>
   <trkpt lat="21.0645040" lon="105.7852500">
    <ele>7.9</ele>
   </trkpt>
   <trkpt lat="21.0644900" lon="105.7852450">
    <ele>7.9</ele>
   </trkpt>
   <trkpt lat="21.0644760" lon="105.7852490">
    <ele>7.8</ele>
   </trkpt>
   <trkpt lat="21.0644550" lon="105.7852540">
    <ele>7.8</ele>
   </trkpt>
   <trkpt lat="21.0644440" lon="105.7852560">
    <ele>7.8</ele>
   </trkpt>
   <trkpt lat="21.0644340" lon="105.7852570">
    <ele>7.8</ele>
   </trkpt>
   <trkpt lat="21.0644170" lon="105.7852580">
    <ele>7.8</ele>
   </trkpt>
   <trkpt lat="21.0644080" lon="105.7852590">
    <ele>7.8</ele>
   </trkpt>
   <trkpt lat="21.0643980" lon="105.7852600">
    <ele>7.8</ele>
   </trkpt>
   <trkpt lat="21.0643740" lon="105.7852670">
    <ele>7.8</ele>
   </trkpt>
   <trkpt lat="21.0643670" lon="105.7852680">
    <ele>7.8</ele>
   </trkpt>
   <trkpt lat="21.0643600" lon="105.7852690">
    <ele>7.8</ele>
   </trkpt>
   <trkpt lat="21.0643340" lon="105.7852700">
    <ele>7.8</ele>
   </trkpt>
   <trkpt lat="21.0643260" lon="105.7852720">
    <ele>7.8</ele>
   </trkpt>
   <trkpt lat="21.0643170" lon="105.7852730">
    <ele>7.8</ele>
   </trkpt>
   <trkpt lat="21.0642950" lon="105.7852740">
    <ele>7.8</ele>
   </trkpt>
   <trkpt lat="21.0642840" lon="105.7852750">
    <ele>7.8</ele>
   </trkpt>
   <trkpt lat="21.0642740" lon="105.7852750">
    <ele>7.8</ele>
   </trkpt>
   <trkpt lat="21.0642540" lon="105.7852790">
    <ele>7.8</ele>
   </trkpt>
   <trkpt lat="21.0642450" lon="105.7852820">
    <ele>7.8</ele>
   </trkpt>
   <trkpt lat="21.0642360" lon="105.7852840">
    <ele>7.8</ele>
   </trkpt>
   <trkpt lat="21.0642160" lon="105.7852880">
    <ele>7.8</ele>
   </trkpt>
   <trkpt lat="21.0642030" lon="105.7852920">
    <ele>7.8</ele>
   </trkpt>
   <trkpt lat="21.0641850" lon="105.7853020">
    <ele>7.8</ele>
   </trkpt>
   <trkpt lat="21.0641760" lon="105.7853100">
    <ele>7.8</ele>
   </trkpt>
   <trkpt lat="21.0641640" lon="105.7853200">
    <ele>7.8</ele>
   </trkpt>
   <trkpt lat="21.0641480" lon="105.7853230">
    <ele>7.8</ele>
   </trkpt>
   <trkpt lat="21.0641340" lon="105.7853300">
    <ele>7.8</ele>
   </trkpt>
   <trkpt lat="21.0641180" lon="105.7853380">
    <ele>7.8</ele>
   </trkpt>
   <trkpt lat="21.0640990" lon="105.7853440">
    <ele>7.8</ele>
   </trkpt>
   <trkpt lat="21.0640900" lon="105.7853480">
    <ele>7.8</ele>
   </trkpt>
   <trkpt lat="21.0640810" lon="105.7853510">
    <ele>7.8</ele>
   </trkpt>
   <trkpt lat="21.0640660" lon="105.7853530">
    <ele>7.8</ele>
   </trkpt>
   <trkpt lat="21.0640510" lon="105.7853610">
    <ele>7.8</ele>
   </trkpt>
   <trkpt lat="21.0640460" lon="105.7853700">
    <ele>7.8</ele>
   </trkpt>
   <trkpt lat="21.0640350" lon="105.7853760">
    <ele>7.8</ele>
   </trkpt>
   <trkpt lat="21.0640300" lon="105.7853840">
    <ele>7.8</ele>
   </trkpt>
   <trkpt lat="21.0640120" lon="105.7853930">
    <ele>7.8</ele>
   </trkpt>
   <trkpt lat="21.0640030" lon="105.7853980">
    <ele>7.8</ele>
   </trkpt>
   <trkpt lat="21.0639810" lon="105.7854140">
    <ele>7.8</ele>
   </trkpt>
   <trkpt lat="21.0639700" lon="105.7854210">
    <ele>7.8</ele>
   </trkpt>
   <trkpt lat="21.0639610" lon="105.7854280">
    <ele>7.8</ele>
   </trkpt>
   <trkpt lat="21.0639470" lon="105.7854480">
    <ele>7.8</ele>
   </trkpt>
   <trkpt lat="21.0639350" lon="105.7854550">
    <ele>7.7</ele>
   </trkpt>
   <trkpt lat="21.0639130" lon="105.7854710">
    <ele>7.7</ele>
   </trkpt>
   <trkpt lat="21.0639050" lon="105.7854820">
    <ele>7.7</ele>
   </trkpt>
   <trkpt lat="21.0638830" lon="105.7855000">
    <ele>7.7</ele>
   </trkpt>
   <trkpt lat="21.0638750" lon="105.7855120">
    <ele>7.7</ele>
   </trkpt>
   <trkpt lat="21.0638540" lon="105.7855340">
    <ele>7.7</ele>
   </trkpt>
   <trkpt lat="21.0638400" lon="105.7855510">
    <ele>7.7</ele>
   </trkpt>
   <trkpt lat="21.0638340" lon="105.7855570">
    <ele>7.7</ele>
   </trkpt>
   <trkpt lat="21.0638220" lon="105.7855760">
    <ele>7.7</ele>
   </trkpt>
   <trkpt lat="21.0638160" lon="105.7855850">
    <ele>7.7</ele>
   </trkpt>
   <trkpt lat="21.0638100" lon="105.7855930">
    <ele>7.7</ele>
   </trkpt>
   <trkpt lat="21.0638030" lon="105.7856030">
    <ele>7.7</ele>
   </trkpt>
   <trkpt lat="21.0637930" lon="105.7856190">
    <ele>7.7</ele>
   </trkpt>
   <trkpt lat="21.0637890" lon="105.7856270">
    <ele>7.7</ele>
   </trkpt>
   <trkpt lat="21.0637730" lon="105.7856440">
    <ele>7.7</ele>
   </trkpt>
   <trkpt lat="21.0637660" lon="105.7856520">
    <ele>7.7</ele>
   </trkpt>
   <trkpt lat="21.0637510" lon="105.7856620">
    <ele>7.7</ele>
   </trkpt>
   <trkpt lat="21.0637360" lon="105.7856790">
    <ele>7.7</ele>
   </trkpt>
   <trkpt lat="21.0637300" lon="105.7856880">
    <ele>7.7</ele>
   </trkpt>
   <trkpt lat="21.0637250" lon="105.7856970">
    <ele>7.7</ele>
   </trkpt>
   <trkpt lat="21.0637190" lon="105.7856980">
    <ele>7.7</ele>
   </trkpt>
   <trkpt lat="21.0637140" lon="105.7857110">
    <ele>7.7</ele>
   </trkpt>
   <trkpt lat="21.0637070" lon="105.7857240">
    <ele>7.7</ele>
   </trkpt>
   <trkpt lat="21.0636990" lon="105.7857450">
    <ele>7.7</ele>
   </trkpt>
   <trkpt lat="21.0636900" lon="105.7857550">
    <ele>7.7</ele>
   </trkpt>
   <trkpt lat="21.0636850" lon="105.7857660">
    <ele>7.7</ele>
   </trkpt>
   <trkpt lat="21.0636790" lon="105.7857830">
    <ele>7.7</ele>
   </trkpt>
   <trkpt lat="21.0636700" lon="105.7858020">
    <ele>7.7</ele>
   </trkpt>
   <trkpt lat="21.0636690" lon="105.7858090">
    <ele>7.7</ele>
   </trkpt>
   <trkpt lat="21.0636650" lon="105.7858150">
    <ele>7.7</ele>
   </trkpt>
   <trkpt lat="21.0636600" lon="105.7858310">
    <ele>7.7</ele>
   </trkpt>
   <trkpt lat="21.0636560" lon="105.7858450">
    <ele>7.7</ele>
   </trkpt>
   <trkpt lat="21.0636480" lon="105.7858670">
    <ele>7.7</ele>
   </trkpt>
   <trkpt lat="21.0636460" lon="105.7858770">
    <ele>7.7</ele>
   </trkpt>
   <trkpt lat="21.0636430" lon="105.7858870">
    <ele>7.7</ele>
   </trkpt>
   <trkpt lat="21.0636370" lon="105.7858980">
    <ele>7.7</ele>
   </trkpt>
   <trkpt lat="21.0636300" lon="105.7859110">
    <ele>7.7</ele>
   </trkpt>
   <trkpt lat="21.0636250" lon="105.7859180">
    <ele>7.7</ele>
   </trkpt>
   <trkpt lat="21.0636230" lon="105.7859270">
    <ele>7.7</ele>
   </trkpt>
   <trkpt lat="21.0636190" lon="105.7859380">
    <ele>7.7</ele>
   </trkpt>
   <trkpt lat="21.0636140" lon="105.7859490">
    <ele>7.7</ele>
   </trkpt>
   <trkpt lat="21.0636080" lon="105.7859620">
    <ele>7.7</ele>
   </trkpt>
   <trkpt lat="21.0635990" lon="105.7859750">
    <ele>7.7</ele>
   </trkpt>
   <trkpt lat="21.0635950" lon="105.7859810">
    <ele>7.7</ele>
   </trkpt>
   <trkpt lat="21.0635900" lon="105.7859980">
    <ele>7.7</ele>
   </trkpt>
   <trkpt lat="21.0635890" lon="105.7860050">
    <ele>7.7</ele>
   </trkpt>
   <trkpt lat="21.0635860" lon="105.7860170">
    <ele>7.7</ele>
   </trkpt>
   <trkpt lat="21.0635850" lon="105.7860260">
    <ele>7.7</ele>
   </trkpt>
   <trkpt lat="21.0635860" lon="105.7860410">
    <ele>7.7</ele>
   </trkpt>
   <trkpt lat="21.0635830" lon="105.7860580">
    <ele>7.7</ele>
   </trkpt>
   <trkpt lat="21.0635860" lon="105.7860650">
    <ele>7.7</ele>
   </trkpt>
   <trkpt lat="21.0635840" lon="105.7860760">
    <ele>7.7</ele>
   </trkpt>
   <trkpt lat="21.0635810" lon="105.7860880">
    <ele>7.7</ele>
   </trkpt>
   <trkpt lat="21.0635780" lon="105.7861050">
    <ele>7.7</ele>
   </trkpt>
   <trkpt lat="21.0635790" lon="105.7861170">
    <ele>7.7</ele>
   </trkpt>
   <trkpt lat="21.0635800" lon="105.7861240">
    <ele>7.7</ele>
   </trkpt>
   <trkpt lat="21.0635800" lon="105.7861380">
    <ele>7.7</ele>
   </trkpt>
   <trkpt lat="21.0635780" lon="105.7861500">
    <ele>7.7</ele>
   </trkpt>
   <trkpt lat="21.0635750" lon="105.7861660">
    <ele>7.8</ele>
   </trkpt>
   <trkpt lat="21.0635750" lon="105.7861730">
    <ele>7.8</ele>
   </trkpt>
   <trkpt lat="21.0635750" lon="105.7861850">
    <ele>7.8</ele>
   </trkpt>
   <trkpt lat="21.0635740" lon="105.7861960">
    <ele>7.8</ele>
   </trkpt>
   <trkpt lat="21.0635730" lon="105.7862090">
    <ele>7.8</ele>
   </trkpt>
   <trkpt lat="21.0635710" lon="105.7862260">
    <ele>7.8</ele>
   </trkpt>
   <trkpt lat="21.0635690" lon="105.7862430">
    <ele>7.8</ele>
   </trkpt>
   <trkpt lat="21.0635700" lon="105.7862520">
    <ele>7.8</ele>
   </trkpt>
   <trkpt lat="21.0635700" lon="105.7862660">
    <ele>7.8</ele>
   </trkpt>
   <trkpt lat="21.0635730" lon="105.7862770">
    <ele>7.8</ele>
   </trkpt>
   <trkpt lat="21.0635720" lon="105.7862950">
    <ele>7.8</ele>
   </trkpt>
   <trkpt lat="21.0635770" lon="105.7863070">
    <ele>7.8</ele>
   </trkpt>
   <trkpt lat="21.0635780" lon="105.7863270">
    <ele>7.8</ele>
   </trkpt>
   <trkpt lat="21.0635790" lon="105.7863370">
    <ele>7.8</ele>
   </trkpt>
   <trkpt lat="21.0635790" lon="105.7863470">
    <ele>7.8</ele>
   </trkpt>
   <trkpt lat="21.0635740" lon="105.7863600">
    <ele>7.8</ele>
   </trkpt>
   <trkpt lat="21.0635690" lon="105.7863710">
    <ele>7.8</ele>
   </trkpt>
   <trkpt lat="21.0635690" lon="105.7863830">
    <ele>7.8</ele>
   </trkpt>
   <trkpt lat="21.0635700" lon="105.7864060">
    <ele>7.8</ele>
   </trkpt>
   <trkpt lat="21.0635690" lon="105.7864150">
    <ele>7.8</ele>
   </trkpt>
   <trkpt lat="21.0635680" lon="105.7864230">
    <ele>7.9</ele>
   </trkpt>
   <trkpt lat="21.0635670" lon="105.7864480">
    <ele>7.9</ele>
   </trkpt>
   <trkpt lat="21.0635680" lon="105.7864560">
    <ele>7.9</ele>
   </trkpt>
   <trkpt lat="21.0635680" lon="105.7864640">
    <ele>7.9</ele>
   </trkpt>
   <trkpt lat="21.0635640" lon="105.7864900">
    <ele>7.9</ele>
   </trkpt>
   <trkpt lat="21.0635620" lon="105.7864990">
    <ele>7.9</ele>
   </trkpt>
   <trkpt lat="21.0635600" lon="105.7865090">
    <ele>7.9</ele>
   </trkpt>
   <trkpt lat="21.0635590" lon="105.7865190">
    <ele>7.9</ele>
   </trkpt>
   <trkpt lat="21.0635550" lon="105.7865330">
    <ele>7.9</ele>
   </trkpt>
   <trkpt lat="21.0635520" lon="105.7865460">
    <ele>7.9</ele>
   </trkpt>
   <trkpt lat="21.0635450" lon="105.7865620">
    <ele>7.9</ele>
   </trkpt>
   <trkpt lat="21.0635430" lon="105.7865740">
    <ele>7.9</ele>
   </trkpt>
   <trkpt lat="21.0635400" lon="105.7865850">
    <ele>7.9</ele>
   </trkpt>
   <trkpt lat="21.0635360" lon="105.7865930">
    <ele>7.9</ele>
   </trkpt>
   <trkpt lat="21.0635300" lon="105.7866100">
    <ele>7.9</ele>
   </trkpt>
   <trkpt lat="21.0635280" lon="105.7866180">
    <ele>7.9</ele>
   </trkpt>
   <trkpt lat="21.0635180" lon="105.7866400">
    <ele>7.9</ele>
   </trkpt>
   <trkpt lat="21.0635140" lon="105.7866490">
    <ele>7.9</ele>
   </trkpt>
   <trkpt lat="21.0635100" lon="105.7866590">
    <ele>7.9</ele>
   </trkpt>
   <trkpt lat="21.0635010" lon="105.7866800">
    <ele>7.9</ele>
   </trkpt>
   <trkpt lat="21.0634980" lon="105.7866880">
    <ele>7.9</ele>
   </trkpt>
   <trkpt lat="21.0634940" lon="105.7866950">
    <ele>7.9</ele>
   </trkpt>
   <trkpt lat="21.0634860" lon="105.7867110">
    <ele>7.9</ele>
   </trkpt>
   <trkpt lat="21.0634800" lon="105.7867250">
    <ele>7.9</ele>
   </trkpt>
   <trkpt lat="21.0634730" lon="105.7867550">
    <ele>7.9</ele>
   </trkpt>
   <trkpt lat="21.0634690" lon="105.7867640">
    <ele>7.9</ele>
   </trkpt>
   <trkpt lat="21.0634550" lon="105.7867820">
    <ele>7.9</ele>
   </trkpt>
   <trkpt lat="21.0634490" lon="105.7867930">
    <ele>7.9</ele>
   </trkpt>
   <trkpt lat="21.0634440" lon="105.7868050">
    <ele>7.9</ele>
   </trkpt>
   <trkpt lat="21.0634390" lon="105.7868120">
    <ele>7.9</ele>
   </trkpt>
   <trkpt lat="21.0634310" lon="105.7868230">
    <ele>7.9</ele>
   </trkpt>
   <trkpt lat="21.0634210" lon="105.7868330">
    <ele>7.9</ele>
   </trkpt>
   <trkpt lat="21.0634080" lon="105.7868540">
    <ele>7.9</ele>
   </trkpt>
   <trkpt lat="21.0634040" lon="105.7868600">
    <ele>7.9</ele>
   </trkpt>
   <trkpt lat="21.0634010" lon="105.7868660">
    <ele>7.9</ele>
   </trkpt>
   <trkpt lat="21.0633870" lon="105.7868850">
    <ele>7.9</ele>
   </trkpt>
   <trkpt lat="21.0633830" lon="105.7868940">
    <ele>7.9</ele>
   </trkpt>
   <trkpt lat="21.0633780" lon="105.7869020">
    <ele>7.9</ele>
   </trkpt>
   <trkpt lat="21.0633620" lon="105.7869230">
    <ele>7.9</ele>
   </trkpt>
   <trkpt lat="21.0633550" lon="105.7869300">
    <ele>7.9</ele>
   </trkpt>
   <trkpt lat="21.0633480" lon="105.7869380">
    <ele>7.9</ele>
   </trkpt>
   <trkpt lat="21.0633410" lon="105.7869450">
    <ele>7.9</ele>
   </trkpt>
   <trkpt lat="21.0633340" lon="105.7869530">
    <ele>7.9</ele>
   </trkpt>
   <trkpt lat="21.0633280" lon="105.7869740">
    <ele>7.9</ele>
   </trkpt>
   <trkpt lat="21.0633210" lon="105.7869790">
    <ele>7.9</ele>
   </trkpt>
   <trkpt lat="21.0633120" lon="105.7869940">
    <ele>7.9</ele>
   </trkpt>
   <trkpt lat="21.0633070" lon="105.7869930">
    <ele>7.9</ele>
   </trkpt>
   <trkpt lat="21.0632990" lon="105.7870030">
    <ele>7.9</ele>
   </trkpt>
   <trkpt lat="21.0632910" lon="105.7870130">
    <ele>7.9</ele>
   </trkpt>
   <trkpt lat="21.0632860" lon="105.7870220">
    <ele>7.9</ele>
   </trkpt>
   <trkpt lat="21.0632810" lon="105.7870290">
    <ele>7.9</ele>
   </trkpt>
   <trkpt lat="21.0632720" lon="105.7870410">
    <ele>7.9</ele>
   </trkpt>
   <trkpt lat="21.0632660" lon="105.7870560">
    <ele>7.9</ele>
   </trkpt>
   <trkpt lat="21.0632580" lon="105.7870850">
    <ele>7.9</ele>
   </trkpt>
   <trkpt lat="21.0632540" lon="105.7870930">
    <ele>7.9</ele>
   </trkpt>
   <trkpt lat="21.0632510" lon="105.7870980">
    <ele>7.9</ele>
   </trkpt>
   <trkpt lat="21.0632460" lon="105.7871030">
    <ele>7.9</ele>
   </trkpt>
   <trkpt lat="21.0632400" lon="105.7871170">
    <ele>7.9</ele>
   </trkpt>
   <trkpt lat="21.0632360" lon="105.7871260">
    <ele>7.9</ele>
   </trkpt>
   <trkpt lat="21.0632300" lon="105.7871400">
    <ele>7.9</ele>
   </trkpt>
   <trkpt lat="21.0632260" lon="105.7871530">
    <ele>7.9</ele>
   </trkpt>
   <trkpt lat="21.0632240" lon="105.7871700">
    <ele>7.9</ele>
   </trkpt>
   <trkpt lat="21.0632210" lon="105.7871820">
    <ele>7.9</ele>
   </trkpt>
   <trkpt lat="21.0632160" lon="105.7871910">
    <ele>7.9</ele>
   </trkpt>
   <trkpt lat="21.0632090" lon="105.7872060">
    <ele>7.9</ele>
   </trkpt>
   <trkpt lat="21.0632050" lon="105.7872130">
    <ele>7.9</ele>
   </trkpt>
   <trkpt lat="21.0631940" lon="105.7872330">
    <ele>7.9</ele>
   </trkpt>
   <trkpt lat="21.0631900" lon="105.7872400">
    <ele>7.9</ele>
   </trkpt>
   <trkpt lat="21.0631860" lon="105.7872480">
    <ele>7.9</ele>
   </trkpt>
   <trkpt lat="21.0631840" lon="105.7872640">
    <ele>7.9</ele>
   </trkpt>
   <trkpt lat="21.0631820" lon="105.7872810">
    <ele>7.9</ele>
   </trkpt>
   <trkpt lat="21.0631810" lon="105.7872960">
    <ele>7.9</ele>
   </trkpt>
   <trkpt lat="21.0631810" lon="105.7873020">
    <ele>7.9</ele>
   </trkpt>
   <trkpt lat="21.0631800" lon="105.7873110">
    <ele>7.9</ele>
   </trkpt>
   <trkpt lat="21.0631760" lon="105.7873310">
    <ele>7.9</ele>
   </trkpt>
   <trkpt lat="21.0631740" lon="105.7873410">
    <ele>7.9</ele>
   </trkpt>
   <trkpt lat="21.0631730" lon="105.7873500">
    <ele>7.9</ele>
   </trkpt>
   <trkpt lat="21.0631710" lon="105.7873740">
    <ele>7.9</ele>
   </trkpt>
   <trkpt lat="21.0631700" lon="105.7873860">
    <ele>7.9</ele>
   </trkpt>
   <trkpt lat="21.0631690" lon="105.7873970">
    <ele>7.9</ele>
   </trkpt>
   <trkpt lat="21.0631730" lon="105.7874140">
    <ele>7.9</ele>
   </trkpt>
   <trkpt lat="21.0631750" lon="105.7874250">
    <ele>7.9</ele>
   </trkpt>
   <trkpt lat="21.0631770" lon="105.7874370">
    <ele>7.9</ele>
   </trkpt>
   <trkpt lat="21.0631820" lon="105.7874580">
    <ele>7.9</ele>
   </trkpt>
   <trkpt lat="21.0631830" lon="105.7874710">
    <ele>7.9</ele>
   </trkpt>
   <trkpt lat="21.0631850" lon="105.7874830">
    <ele>7.9</ele>
   </trkpt>
   <trkpt lat="21.0631840" lon="105.7874910">
    <ele>7.9</ele>
   </trkpt>
   <trkpt lat="21.0631820" lon="105.7875050">
    <ele>7.9</ele>
   </trkpt>
   <trkpt lat="21.0631790" lon="105.7875210">
    <ele>7.9</ele>
   </trkpt>
   <trkpt lat="21.0631780" lon="105.7875290">
    <ele>7.9</ele>
   </trkpt>
   <trkpt lat="21.0631790" lon="105.7875470">
    <ele>7.9</ele>
   </trkpt>
   <trkpt lat="21.0631780" lon="105.7875510">
    <ele>7.9</ele>
   </trkpt>
   <trkpt lat="21.0631800" lon="105.7875800">
    <ele>7.9</ele>
   </trkpt>
   <trkpt lat="21.0631800" lon="105.7875890">
    <ele>7.9</ele>
   </trkpt>
   <trkpt lat="21.0631810" lon="105.7875970">
    <ele>7.9</ele>
   </trkpt>
   <trkpt lat="21.0631790" lon="105.7876200">
    <ele>7.9</ele>
   </trkpt>
   <trkpt lat="21.0631770" lon="105.7876310">
    <ele>7.9</ele>
   </trkpt>
   <trkpt lat="21.0631760" lon="105.7876410">
    <ele>7.9</ele>
   </trkpt>
   <trkpt lat="21.0631750" lon="105.7876510">
    <ele>7.9</ele>
   </trkpt>
   <trkpt lat="21.0631760" lon="105.7876690">
    <ele>7.9</ele>
   </trkpt>
   <trkpt lat="21.0631750" lon="105.7876770">
    <ele>7.9</ele>
   </trkpt>
   <trkpt lat="21.0631760" lon="105.7876900">
    <ele>7.9</ele>
   </trkpt>
   <trkpt lat="21.0631750" lon="105.7877040">
    <ele>7.9</ele>
   </trkpt>
   <trkpt lat="21.0631760" lon="105.7877090">
    <ele>7.9</ele>
   </trkpt>
   <trkpt lat="21.0631790" lon="105.7877310">
    <ele>7.9</ele>
   </trkpt>
   <trkpt lat="21.0631780" lon="105.7877430">
    <ele>7.9</ele>
   </trkpt>
   <trkpt lat="21.0631770" lon="105.7877560">
    <ele>7.9</ele>
   </trkpt>
   <trkpt lat="21.0631790" lon="105.7877720">
    <ele>7.9</ele>
   </trkpt>
   <trkpt lat="21.0631860" lon="105.7877920">
    <ele>7.9</ele>
   </trkpt>
   <trkpt lat="21.0631890" lon="105.7878060">
    <ele>7.9</ele>
   </trkpt>
   <trkpt lat="21.0631930" lon="105.7878190">
    <ele>7.9</ele>
   </trkpt>
   <trkpt lat="21.0631950" lon="105.7878250">
    <ele>7.9</ele>
   </trkpt>
   <trkpt lat="21.0632030" lon="105.7878390">
    <ele>7.9</ele>
   </trkpt>
   <trkpt lat="21.0632090" lon="105.7878450">
    <ele>7.9</ele>
   </trkpt>
   <trkpt lat="21.0632190" lon="105.7878600">
    <ele>8.0</ele>
   </trkpt>
   <trkpt lat="21.0632240" lon="105.7878770">
    <ele>8.0</ele>
   </trkpt>
   <trkpt lat="21.0632310" lon="105.7878960">
    <ele>8.0</ele>
   </trkpt>
   <trkpt lat="21.0632350" lon="105.7879060">
    <ele>8.0</ele>
   </trkpt>
   <trkpt lat="21.0632380" lon="105.7879150">
    <ele>8.0</ele>
   </trkpt>
   <trkpt lat="21.0632420" lon="105.7879260">
    <ele>8.0</ele>
   </trkpt>
   <trkpt lat="21.0632470" lon="105.7879430">
    <ele>8.0</ele>
   </trkpt>
   <trkpt lat="21.0632510" lon="105.7879720">
    <ele>8.0</ele>
   </trkpt>
   <trkpt lat="21.0632510" lon="105.7879810">
    <ele>8.0</ele>
   </trkpt>
   <trkpt lat="21.0632520" lon="105.7879910">
    <ele>8.0</ele>
   </trkpt>
   <trkpt lat="21.0632540" lon="105.7880110">
    <ele>8.0</ele>
   </trkpt>
   <trkpt lat="21.0632570" lon="105.7880200">
    <ele>8.0</ele>
   </trkpt>
   <trkpt lat="21.0632600" lon="105.7880290">
    <ele>8.0</ele>
   </trkpt>
   <trkpt lat="21.0632660" lon="105.7880490">
    <ele>8.0</ele>
   </trkpt>
   <trkpt lat="21.0632690" lon="105.7880590">
    <ele>7.9</ele>
   </trkpt>
   <trkpt lat="21.0632730" lon="105.7880740">
    <ele>7.9</ele>
   </trkpt>
   <trkpt lat="21.0632770" lon="105.7880930">
    <ele>7.9</ele>
   </trkpt>
   <trkpt lat="21.0632830" lon="105.7881010">
    <ele>7.9</ele>
   </trkpt>
   <trkpt lat="21.0632870" lon="105.7881180">
    <ele>7.9</ele>
   </trkpt>
   <trkpt lat="21.0632860" lon="105.7881250">
    <ele>7.9</ele>
   </trkpt>
   <trkpt lat="21.0632930" lon="105.7881460">
    <ele>7.9</ele>
   </trkpt>
   <trkpt lat="21.0632960" lon="105.7881560">
    <ele>7.9</ele>
   </trkpt>
   <trkpt lat="21.0632990" lon="105.7881670">
    <ele>7.9</ele>
   </trkpt>
   <trkpt lat="21.0633050" lon="105.7881690">
    <ele>7.9</ele>
   </trkpt>
   <trkpt lat="21.0633070" lon="105.7881850">
    <ele>7.9</ele>
   </trkpt>
   <trkpt lat="21.0633100" lon="105.7881980">
    <ele>7.9</ele>
   </trkpt>
   <trkpt lat="21.0633100" lon="105.7882150">
    <ele>7.9</ele>
   </trkpt>
   <trkpt lat="21.0633100" lon="105.7882270">
    <ele>7.9</ele>
   </trkpt>
   <trkpt lat="21.0633150" lon="105.7882550">
    <ele>7.9</ele>
   </trkpt>
   <trkpt lat="21.0633190" lon="105.7882670">
    <ele>7.9</ele>
   </trkpt>
   <trkpt lat="21.0633210" lon="105.7882680">
    <ele>7.9</ele>
   </trkpt>
   <trkpt lat="21.0633270" lon="105.7882820">
    <ele>7.9</ele>
   </trkpt>
   <trkpt lat="21.0633320" lon="105.7882930">
    <ele>7.9</ele>
   </trkpt>
   <trkpt lat="21.0633430" lon="105.7883180">
    <ele>7.9</ele>
   </trkpt>
   <trkpt lat="21.0633440" lon="105.7883260">
    <ele>7.9</ele>
   </trkpt>
   <trkpt lat="21.0633460" lon="105.7883340">
    <ele>7.9</ele>
   </trkpt>
   <trkpt lat="21.0633510" lon="105.7883580">
    <ele>7.9</ele>
   </trkpt>
   <trkpt lat="21.0633510" lon="105.7883680">
    <ele>7.9</ele>
   </trkpt>
   <trkpt lat="21.0633510" lon="105.7883770">
    <ele>7.9</ele>
   </trkpt>
   <trkpt lat="21.0633520" lon="105.7883990">
    <ele>7.9</ele>
   </trkpt>
   <trkpt lat="21.0633510" lon="105.7884090">
    <ele>7.9</ele>
   </trkpt>
   <trkpt lat="21.0633500" lon="105.7884200">
    <ele>7.9</ele>
   </trkpt>
   <trkpt lat="21.0633510" lon="105.7884300">
    <ele>7.9</ele>
   </trkpt>
   <trkpt lat="21.0633500" lon="105.7884400">
    <ele>7.9</ele>
   </trkpt>
   <trkpt lat="21.0633480" lon="105.7884490">
    <ele>7.9</ele>
   </trkpt>
   <trkpt lat="21.0633470" lon="105.7884590">
    <ele>7.9</ele>
   </trkpt>
   <trkpt lat="21.0633440" lon="105.7884740">
    <ele>7.9</ele>
   </trkpt>
   <trkpt lat="21.0633420" lon="105.7884920">
    <ele>7.9</ele>
   </trkpt>
   <trkpt lat="21.0633440" lon="105.7885110">
    <ele>7.8</ele>
   </trkpt>
   <trkpt lat="21.0633450" lon="105.7885220">
    <ele>7.8</ele>
   </trkpt>
   <trkpt lat="21.0633470" lon="105.7885320">
    <ele>7.8</ele>
   </trkpt>
   <trkpt lat="21.0633540" lon="105.7885590">
    <ele>7.8</ele>
   </trkpt>
   <trkpt lat="21.0633570" lon="105.7885660">
    <ele>7.8</ele>
   </trkpt>
   <trkpt lat="21.0633610" lon="105.7885730">
    <ele>7.8</ele>
   </trkpt>
   <trkpt lat="21.0633710" lon="105.7885840">
    <ele>7.8</ele>
   </trkpt>
   <trkpt lat="21.0633820" lon="105.7885930">
    <ele>7.8</ele>
   </trkpt>
   <trkpt lat="21.0633960" lon="105.7886020">
    <ele>7.8</ele>
   </trkpt>
   <trkpt lat="21.0634100" lon="105.7886070">
    <ele>7.8</ele>
   </trkpt>
   <trkpt lat="21.0634270" lon="105.7886100">
    <ele>7.8</ele>
   </trkpt>
   <trkpt lat="21.0634450" lon="105.7886100">
    <ele>7.8</ele>
   </trkpt>
   <trkpt lat="21.0634520" lon="105.7886100">
    <ele>7.8</ele>
   </trkpt>
   <trkpt lat="21.0634700" lon="105.7886130">
    <ele>7.8</ele>
   </trkpt>
   <trkpt lat="21.0634800" lon="105.7886160">
    <ele>7.8</ele>
   </trkpt>
   <trkpt lat="21.0634970" lon="105.7886210">
    <ele>7.8</ele>
   </trkpt>
   <trkpt lat="21.0635090" lon="105.7886210">
    <ele>7.8</ele>
   </trkpt>
   <trkpt lat="21.0635230" lon="105.7886240">
    <ele>7.8</ele>
   </trkpt>
   <trkpt lat="21.0635370" lon="105.7886270">
    <ele>7.7</ele>
   </trkpt>
   <trkpt lat="21.0635520" lon="105.7886330">
    <ele>7.7</ele>
   </trkpt>
   <trkpt lat="21.0635620" lon="105.7886350">
    <ele>7.7</ele>
   </trkpt>
   <trkpt lat="21.0635730" lon="105.7886370">
    <ele>7.7</ele>
   </trkpt>
   <trkpt lat="21.0635950" lon="105.7886390">
    <ele>7.7</ele>
   </trkpt>
   <trkpt lat="21.0636020" lon="105.7886400">
    <ele>7.7</ele>
   </trkpt>
   <trkpt lat="21.0636100" lon="105.7886420">
    <ele>7.7</ele>
   </trkpt>
   <trkpt lat="21.0636280" lon="105.7886470">
    <ele>7.7</ele>
   </trkpt>
   <trkpt lat="21.0636370" lon="105.7886520">
    <ele>7.7</ele>
   </trkpt>
   <trkpt lat="21.0636520" lon="105.7886580">
    <ele>7.7</ele>
   </trkpt>
   <trkpt lat="21.0636690" lon="105.7886640">
    <ele>7.7</ele>
   </trkpt>
   <trkpt lat="21.0636810" lon="105.7886620">
    <ele>7.7</ele>
   </trkpt>
   <trkpt lat="21.0636890" lon="105.7886670">
    <ele>7.7</ele>
   </trkpt>
   <trkpt lat="21.0637040" lon="105.7886760">
    <ele>7.7</ele>
   </trkpt>
   <trkpt lat="21.0637190" lon="105.7886840">
    <ele>7.7</ele>
   </trkpt>
   <trkpt lat="21.0637270" lon="105.7886920">
    <ele>7.7</ele>
   </trkpt>
   <trkpt lat="21.0637410" lon="105.7886980">
    <ele>7.7</ele>
   </trkpt>
   <trkpt lat="21.0637560" lon="105.7887060">
    <ele>7.7</ele>
   </trkpt>
   <trkpt lat="21.0637700" lon="105.7887130">
    <ele>7.7</ele>
   </trkpt>
   <trkpt lat="21.0637840" lon="105.7887220">
    <ele>7.7</ele>
   </trkpt>
   <trkpt lat="21.0637930" lon="105.7887280">
    <ele>7.7</ele>
   </trkpt>
   <trkpt lat="21.0637980" lon="105.7887260">
    <ele>7.7</ele>
   </trkpt>
   <trkpt lat="21.0638160" lon="105.7887340">
    <ele>7.7</ele>
   </trkpt>
   <trkpt lat="21.0638320" lon="105.7887400">
    <ele>7.7</ele>
   </trkpt>
   <trkpt lat="21.0638460" lon="105.7887460">
    <ele>7.7</ele>
   </trkpt>
   <trkpt lat="21.0638600" lon="105.7887530">
    <ele>7.7</ele>
   </trkpt>
   <trkpt lat="21.0638780" lon="105.7887600">
    <ele>7.7</ele>
   </trkpt>
   <trkpt lat="21.0638910" lon="105.7887660">
    <ele>7.7</ele>
   </trkpt>
   <trkpt lat="21.0639000" lon="105.7887700">
    <ele>7.7</ele>
   </trkpt>
   <trkpt lat="21.0639090" lon="105.7887750">
    <ele>7.7</ele>
   </trkpt>
   <trkpt lat="21.0639180" lon="105.7887790">
    <ele>7.7</ele>
   </trkpt>
   <trkpt lat="21.0639340" lon="105.7887890">
    <ele>7.7</ele>
   </trkpt>
   <trkpt lat="21.0639430" lon="105.7887920">
    <ele>7.7</ele>
   </trkpt>
   <trkpt lat="21.0639530" lon="105.7887960">
    <ele>7.7</ele>
   </trkpt>
   <trkpt lat="21.0639710" lon="105.7888060">
    <ele>7.7</ele>
   </trkpt>
   <trkpt lat="21.0639790" lon="105.7888100">
    <ele>7.7</ele>
   </trkpt>
   <trkpt lat="21.0639870" lon="105.7888130">
    <ele>7.7</ele>
   </trkpt>
   <trkpt lat="21.0640000" lon="105.7888180">
    <ele>7.7</ele>
   </trkpt>
   <trkpt lat="21.0640120" lon="105.7888270">
    <ele>7.7</ele>
   </trkpt>
   <trkpt lat="21.0640160" lon="105.7888350">
    <ele>7.7</ele>
   </trkpt>
   <trkpt lat="21.0640260" lon="105.7888390">
    <ele>7.7</ele>
   </trkpt>
   <trkpt lat="21.0640390" lon="105.7888480">
    <ele>7.7</ele>
   </trkpt>
   <trkpt lat="21.0640480" lon="105.7888560">
    <ele>7.7</ele>
   </trkpt>
   <trkpt lat="21.0640570" lon="105.7888660">
    <ele>7.7</ele>
   </trkpt>
   <trkpt lat="21.0640610" lon="105.7888720">
    <ele>7.7</ele>
   </trkpt>
   <trkpt lat="21.0640730" lon="105.7888820">
    <ele>7.7</ele>
   </trkpt>
   <trkpt lat="21.0640910" lon="105.7888910">
    <ele>7.7</ele>
   </trkpt>
   <trkpt lat="21.0641010" lon="105.7888970">
    <ele>7.7</ele>
   </trkpt>
   <trkpt lat="21.0641180" lon="105.7889090">
    <ele>7.7</ele>
   </trkpt>
   <trkpt lat="21.0641300" lon="105.7889170">
    <ele>7.7</ele>
   </trkpt>
   <trkpt lat="21.0641390" lon="105.7889220">
    <ele>7.7</ele>
   </trkpt>
   <trkpt lat="21.0641490" lon="105.7889260">
    <ele>7.7</ele>
   </trkpt>
   <trkpt lat="21.0641610" lon="105.7889330">
    <ele>7.7</ele>
   </trkpt>
   <trkpt lat="21.0641750" lon="105.7889410">
    <ele>7.7</ele>
   </trkpt>
   <trkpt lat="21.0641860" lon="105.7889460">
    <ele>7.7</ele>
   </trkpt>
   <trkpt lat="21.0642050" lon="105.7889540">
    <ele>7.7</ele>
   </trkpt>
   <trkpt lat="21.0642100" lon="105.7889580">
    <ele>7.7</ele>
   </trkpt>
   <trkpt lat="21.0642240" lon="105.7889650">
    <ele>7.7</ele>
   </trkpt>
   <trkpt lat="21.0642340" lon="105.7889660">
    <ele>7.7</ele>
   </trkpt>
   <trkpt lat="21.0642550" lon="105.7889770">
    <ele>7.7</ele>
   </trkpt>
   <trkpt lat="21.0642640" lon="105.7889810">
    <ele>7.7</ele>
   </trkpt>
   <trkpt lat="21.0642720" lon="105.7889850">
    <ele>7.7</ele>
   </trkpt>
   <trkpt lat="21.0642930" lon="105.7889940">
    <ele>7.6</ele>
   </trkpt>
   <trkpt lat="21.0642990" lon="105.7889970">
    <ele>7.6</ele>
   </trkpt>
   <trkpt lat="21.0643060" lon="105.7889990">
    <ele>7.6</ele>
   </trkpt>
   <trkpt lat="21.0643260" lon="105.7890060">
    <ele>7.6</ele>
   </trkpt>
   <trkpt lat="21.0643350" lon="105.7890100">
    <ele>7.6</ele>
   </trkpt>
   <trkpt lat="21.0643440" lon="105.7890130">
    <ele>7.6</ele>
   </trkpt>
   <trkpt lat="21.0643490" lon="105.7890200">
    <ele>7.6</ele>
   </trkpt>
   <trkpt lat="21.0643630" lon="105.7890230">
    <ele>7.6</ele>
   </trkpt>
   <trkpt lat="21.0643690" lon="105.7890310">
    <ele>7.6</ele>
   </trkpt>
   <trkpt lat="21.0643810" lon="105.7890390">
    <ele>7.6</ele>
   </trkpt>
   <trkpt lat="21.0643930" lon="105.7890470">
    <ele>7.6</ele>
   </trkpt>
   <trkpt lat="21.0643970" lon="105.7890480">
    <ele>7.6</ele>
   </trkpt>
   <trkpt lat="21.0644130" lon="105.7890520">
    <ele>7.6</ele>
   </trkpt>
   <trkpt lat="21.0644270" lon="105.7890560">
    <ele>7.6</ele>
   </trkpt>
   <trkpt lat="21.0644450" lon="105.7890630">
    <ele>7.6</ele>
   </trkpt>
   <trkpt lat="21.0644540" lon="105.7890660">
    <ele>7.6</ele>
   </trkpt>
   <trkpt lat="21.0644620" lon="105.7890680">
    <ele>7.6</ele>
   </trkpt>
   <trkpt lat="21.0644760" lon="105.7890710">
    <ele>7.6</ele>
   </trkpt>
   <trkpt lat="21.0644920" lon="105.7890770">
    <ele>7.6</ele>
   </trkpt>
   <trkpt lat="21.0645070" lon="105.7890790">
    <ele>7.6</ele>
   </trkpt>
   <trkpt lat="21.0645190" lon="105.7890830">
    <ele>7.6</ele>
   </trkpt>
   <trkpt lat="21.0645370" lon="105.7890930">
    <ele>7.6</ele>
   </trkpt>
   <trkpt lat="21.0645450" lon="105.7890970">
    <ele>7.6</ele>
   </trkpt>
   <trkpt lat="21.0645520" lon="105.7891010">
    <ele>7.6</ele>
   </trkpt>
   <trkpt lat="21.0645720" lon="105.7891010">
    <ele>7.6</ele>
   </trkpt>
   <trkpt lat="21.0645830" lon="105.7891030">
    <ele>7.6</ele>
   </trkpt>
   <trkpt lat="21.0645930" lon="105.7891040">
    <ele>7.6</ele>
   </trkpt>
   <trkpt lat="21.0646150" lon="105.7891070">
    <ele>7.6</ele>
   </trkpt>
   <trkpt lat="21.0646250" lon="105.7891080">
    <ele>7.6</ele>
   </trkpt>
   <trkpt lat="21.0646360" lon="105.7891090">
    <ele>7.6</ele>
   </trkpt>
   <trkpt lat="21.0646550" lon="105.7891110">
    <ele>7.6</ele>
   </trkpt>
   <trkpt lat="21.0646640" lon="105.7891110">
    <ele>7.6</ele>
   </trkpt>
   <trkpt lat="21.0646730" lon="105.7891110">
    <ele>7.6</ele>
   </trkpt>
   <trkpt lat="21.0646940" lon="105.7891080">
    <ele>7.7</ele>
   </trkpt>
   <trkpt lat="21.0647030" lon="105.7891090">
    <ele>7.7</ele>
   </trkpt>
   <trkpt lat="21.0647130" lon="105.7891090">
    <ele>7.7</ele>
   </trkpt>
   <trkpt lat="21.0647230" lon="105.7891100">
    <ele>7.7</ele>
   </trkpt>
   <trkpt lat="21.0647410" lon="105.7891120">
    <ele>7.7</ele>
   </trkpt>
   <trkpt lat="21.0647520" lon="105.7891150">
    <ele>7.7</ele>
   </trkpt>
   <trkpt lat="21.0647680" lon="105.7891150">
    <ele>7.7</ele>
   </trkpt>
   <trkpt lat="21.0647790" lon="105.7891160">
    <ele>7.7</ele>
   </trkpt>
   <trkpt lat="21.0647970" lon="105.7891150">
    <ele>7.7</ele>
   </trkpt>
   <trkpt lat="21.0648160" lon="105.7891140">
    <ele>7.7</ele>
   </trkpt>
   <trkpt lat="21.0648260" lon="105.7891110">
    <ele>7.7</ele>
   </trkpt>
   <trkpt lat="21.0648360" lon="105.7891090">
    <ele>7.7</ele>
   </trkpt>
   <trkpt lat="21.0648440" lon="105.7891070">
    <ele>7.7</ele>
   </trkpt>
   <trkpt lat="21.0648690" lon="105.7891080">
    <ele>7.7</ele>
   </trkpt>
   <trkpt lat="21.0648780" lon="105.7891080">
    <ele>7.7</ele>
   </trkpt>
   <trkpt lat="21.0648960" lon="105.7891090">
    <ele>7.7</ele>
   </trkpt>
   <trkpt lat="21.0649150" lon="105.7890970">
    <ele>7.6</ele>
   </trkpt>
   <trkpt lat="21.0649290" lon="105.7890950">
    <ele>7.6</ele>
   </trkpt>
   <trkpt lat="21.0649660" lon="105.7890880">
    <ele>7.6</ele>
   </trkpt>
   <trkpt lat="21.0649690" lon="105.7890870">
    <ele>7.6</ele>
   </trkpt>
   <trkpt lat="21.0649890" lon="105.7890810">
    <ele>7.6</ele>
   </trkpt>
   <trkpt lat="21.0650020" lon="105.7890760">
    <ele>7.6</ele>
   </trkpt>
   <trkpt lat="21.0650220" lon="105.7890650">
    <ele>7.6</ele>
   </trkpt>
   <trkpt lat="21.0650460" lon="105.7890580">
    <ele>7.6</ele>
   </trkpt>
   <trkpt lat="21.0650570" lon="105.7890530">
    <ele>7.6</ele>
   </trkpt>
   <trkpt lat="21.0650770" lon="105.7890510">
    <ele>7.6</ele>
   </trkpt>
   <trkpt lat="21.0650960" lon="105.7890420">
    <ele>7.6</ele>
   </trkpt>
   <trkpt lat="21.0651020" lon="105.7890370">
    <ele>7.6</ele>
   </trkpt>
   <trkpt lat="21.0651090" lon="105.7890310">
    <ele>7.6</ele>
   </trkpt>
   <trkpt lat="21.0651280" lon="105.7890250">
    <ele>7.6</ele>
   </trkpt>
   <trkpt lat="21.0651420" lon="105.7890160">
    <ele>7.6</ele>
   </trkpt>
   <trkpt lat="21.0651520" lon="105.7890130">
    <ele>7.6</ele>
   </trkpt>
   <trkpt lat="21.0651720" lon="105.7890070">
    <ele>7.6</ele>
   </trkpt>
   <trkpt lat="21.0651870" lon="105.7890000">
    <ele>7.6</ele>
   </trkpt>
   <trkpt lat="21.0651960" lon="105.7889940">
    <ele>7.6</ele>
   </trkpt>
   <trkpt lat="21.0652050" lon="105.7889880">
    <ele>7.6</ele>
   </trkpt>
   <trkpt lat="21.0652110" lon="105.7889810">
    <ele>7.6</ele>
   </trkpt>
   <trkpt lat="21.0652220" lon="105.7889750">
    <ele>7.6</ele>
   </trkpt>
   <trkpt lat="21.0652300" lon="105.7889720">
    <ele>7.6</ele>
   </trkpt>
   <trkpt lat="21.0652480" lon="105.7889590">
    <ele>7.7</ele>
   </trkpt>
   <trkpt lat="21.0652550" lon="105.7889520">
    <ele>7.7</ele>
   </trkpt>
   <trkpt lat="21.0652610" lon="105.7889460">
    <ele>7.7</ele>
   </trkpt>
   <trkpt lat="21.0652730" lon="105.7889350">
    <ele>7.7</ele>
   </trkpt>
   <trkpt lat="21.0652760" lon="105.7889310">
    <ele>7.7</ele>
   </trkpt>
   <trkpt lat="21.0652880" lon="105.7889220">
    <ele>7.7</ele>
   </trkpt>
   <trkpt lat="21.0653040" lon="105.7889080">
    <ele>7.7</ele>
   </trkpt>
   <trkpt lat="21.0653100" lon="105.7889000">
    <ele>7.7</ele>
   </trkpt>
   <trkpt lat="21.0653170" lon="105.7888920">
    <ele>7.7</ele>
   </trkpt>
   <trkpt lat="21.0653270" lon="105.7888790">
    <ele>7.7</ele>
   </trkpt>
   <trkpt lat="21.0653360" lon="105.7888680">
    <ele>7.7</ele>
   </trkpt>
   <trkpt lat="21.0653420" lon="105.7888590">
    <ele>7.7</ele>
   </trkpt>
   <trkpt lat="21.0653520" lon="105.7888470">
    <ele>7.7</ele>
   </trkpt>
   <trkpt lat="21.0653570" lon="105.7888390">
    <ele>7.7</ele>
   </trkpt>
   <trkpt lat="21.0653600" lon="105.7888390">
    <ele>7.7</ele>
   </trkpt>
   <trkpt lat="21.0653680" lon="105.7888220">
    <ele>7.7</ele>
   </trkpt>
   <trkpt lat="21.0653770" lon="105.7888100">
    <ele>7.7</ele>
   </trkpt>
   <trkpt lat="21.0653830" lon="105.7888020">
    <ele>7.7</ele>
   </trkpt>
   <trkpt lat="21.0653880" lon="105.7887890">
    <ele>7.7</ele>
   </trkpt>
   <trkpt lat="21.0653940" lon="105.7887790">
    <ele>7.7</ele>
   </trkpt>
   <trkpt lat="21.0653960" lon="105.7887740">
    <ele>7.7</ele>
   </trkpt>
   <trkpt lat="21.0654050" lon="105.7887660">
    <ele>7.7</ele>
   </trkpt>
   <trkpt lat="21.0654130" lon="105.7887580">
    <ele>7.7</ele>
   </trkpt>
   <trkpt lat="21.0654220" lon="105.7887430">
    <ele>7.7</ele>
   </trkpt>
   <trkpt lat="21.0654280" lon="105.7887340">
    <ele>7.7</ele>
   </trkpt>
   <trkpt lat="21.0654350" lon="105.7887140">
    <ele>7.7</ele>
   </trkpt>
   <trkpt lat="21.0654380" lon="105.7887040">
    <ele>7.7</ele>
   </trkpt>
   <trkpt lat="21.0654420" lon="105.7886950">
    <ele>7.7</ele>
   </trkpt>
   <trkpt lat="21.0654510" lon="105.7886780">
    <ele>7.7</ele>
   </trkpt>
   <trkpt lat="21.0654540" lon="105.7886700">
    <ele>7.7</ele>
   </trkpt>
   <trkpt lat="21.0654570" lon="105.7886610">
    <ele>7.7</ele>
   </trkpt>
   <trkpt lat="21.0654600" lon="105.7886530">
    <ele>7.7</ele>
   </trkpt>
   <trkpt lat="21.0654700" lon="105.7886340">
    <ele>7.7</ele>
   </trkpt>
   <trkpt lat="21.0654720" lon="105.7886250">
    <ele>7.7</ele>
   </trkpt>
   <trkpt lat="21.0654740" lon="105.7886170">
    <ele>7.7</ele>
   </trkpt>
   <trkpt lat="21.0654760" lon="105.7886060">
    <ele>7.7</ele>
   </trkpt>
   <trkpt lat="21.0654830" lon="105.7885960">
    <ele>7.7</ele>
   </trkpt>
   <trkpt lat="21.0654860" lon="105.7885830">
    <ele>7.7</ele>
   </trkpt>
   <trkpt lat="21.0654890" lon="105.7885680">
    <ele>7.8</ele>
   </trkpt>
   <trkpt lat="21.0654900" lon="105.7885620">
    <ele>7.8</ele>
   </trkpt>
   <trkpt lat="21.0654930" lon="105.7885530">
    <ele>7.8</ele>
   </trkpt>
   <trkpt lat="21.0655010" lon="105.7885330">
    <ele>7.8</ele>
   </trkpt>
   <trkpt lat="21.0655050" lon="105.7885250">
    <ele>7.8</ele>
   </trkpt>
   <trkpt lat="21.0655080" lon="105.7885170">
    <ele>7.8</ele>
   </trkpt>
   <trkpt lat="21.0655090" lon="105.7885070">
    <ele>7.8</ele>
   </trkpt>
   <trkpt lat="21.0655120" lon="105.7884950">
    <ele>7.8</ele>
   </trkpt>
   <trkpt lat="21.0655140" lon="105.7884820">
    <ele>7.8</ele>
   </trkpt>
   <trkpt lat="21.0655170" lon="105.7884690">
    <ele>7.8</ele>
   </trkpt>
   <trkpt lat="21.0655260" lon="105.7884530">
    <ele>7.8</ele>
   </trkpt>
   <trkpt lat="21.0655270" lon="105.7884450">
    <ele>7.8</ele>
   </trkpt>
   <trkpt lat="21.0655290" lon="105.7884290">
    <ele>7.8</ele>
   </trkpt>
   <trkpt lat="21.0655290" lon="105.7884180">
    <ele>7.8</ele>
   </trkpt>
   <trkpt lat="21.0655270" lon="105.7884050">
    <ele>7.8</ele>
   </trkpt>
   <trkpt lat="21.0655270" lon="105.7883950">
    <ele>7.8</ele>
   </trkpt>
   <trkpt lat="21.0655240" lon="105.7883850">
    <ele>7.8</ele>
   </trkpt>
   <trkpt lat="21.0655230" lon="105.7883740">
    <ele>7.8</ele>
   </trkpt>
   <trkpt lat="21.0655230" lon="105.7883600">
    <ele>7.8</ele>
   </trkpt>
   <trkpt lat="21.0655220" lon="105.7883500">
    <ele>7.8</ele>
   </trkpt>
   <trkpt lat="21.0655220" lon="105.7883440">
    <ele>7.8</ele>
   </trkpt>
   <trkpt lat="21.0655250" lon="105.7883320">
    <ele>7.8</ele>
   </trkpt>
   <trkpt lat="21.0655250" lon="105.7883160">
    <ele>7.8</ele>
   </trkpt>
   <trkpt lat="21.0655230" lon="105.7883060">
    <ele>7.8</ele>
   </trkpt>
   <trkpt lat="21.0655260" lon="105.7882920">
    <ele>7.8</ele>
   </trkpt>
   <trkpt lat="21.0655310" lon="105.7882780">
    <ele>7.8</ele>
   </trkpt>
   <trkpt lat="21.0655280" lon="105.7882560">
    <ele>7.8</ele>
   </trkpt>
   <trkpt lat="21.0655260" lon="105.7882470">
    <ele>7.8</ele>
   </trkpt>
   <trkpt lat="21.0655250" lon="105.7882380">
    <ele>7.8</ele>
   </trkpt>
   <trkpt lat="21.0655260" lon="105.7882270">
    <ele>7.9</ele>
   </trkpt>
   <trkpt lat="21.0655310" lon="105.7882180">
    <ele>7.9</ele>
   </trkpt>
   <trkpt lat="21.0655350" lon="105.7882050">
    <ele>7.9</ele>
   </trkpt>
   <trkpt lat="21.0655380" lon="105.7881920">
    <ele>7.9</ele>
   </trkpt>
   <trkpt lat="21.0655410" lon="105.7881780">
    <ele>7.9</ele>
   </trkpt>
   <trkpt lat="21.0655430" lon="105.7881680">
    <ele>7.9</ele>
   </trkpt>
   <trkpt lat="21.0655440" lon="105.7881440">
    <ele>7.9</ele>
   </trkpt>
   <trkpt lat="21.0655460" lon="105.7881360">
    <ele>7.9</ele>
   </trkpt>
   <trkpt lat="21.0655470" lon="105.7881280">
    <ele>7.9</ele>
   </trkpt>
   <trkpt lat="21.0655520" lon="105.7881160">
    <ele>7.9</ele>
   </trkpt>
   <trkpt lat="21.0655540" lon="105.7881070">
    <ele>7.9</ele>
   </trkpt>
   <trkpt lat="21.0655580" lon="105.7880930">
    <ele>7.9</ele>
   </trkpt>
   <trkpt lat="21.0655640" lon="105.7880830">
    <ele>7.9</ele>
   </trkpt>
   <trkpt lat="21.0655660" lon="105.7880700">
    <ele>7.9</ele>
   </trkpt>
   <trkpt lat="21.0655690" lon="105.7880580">
    <ele>7.9</ele>
   </trkpt>
   <trkpt lat="21.0655730" lon="105.7880490">
    <ele>7.9</ele>
   </trkpt>
   <trkpt lat="21.0655790" lon="105.7880370">
    <ele>7.9</ele>
   </trkpt>
   <trkpt lat="21.0655830" lon="105.7880260">
    <ele>7.9</ele>
   </trkpt>
   <trkpt lat="21.0655880" lon="105.7880120">
    <ele>7.9</ele>
   </trkpt>
   <trkpt lat="21.0655910" lon="105.7880030">
    <ele>7.9</ele>
   </trkpt>
   <trkpt lat="21.0655950" lon="105.7879920">
    <ele>7.9</ele>
   </trkpt>
   <trkpt lat="21.0656030" lon="105.7879780">
    <ele>8.0</ele>
   </trkpt>
   <trkpt lat="21.0656090" lon="105.7879660">
    <ele>8.0</ele>
   </trkpt>
  </trkseg>
 </trk>
</gpx>
